Subject,MS0,SE0,HB0,MS1Flt,SE1,HB1,MS2Det,SE2,HB2,MS3,SE3,HB3,Group
100206,NaN,NaN,NaN,NaN,NaN,NaN,NaN,NaN,NaN,0.50402716,4.601700976,-0.006123227,3
100307,NaN,NaN,NaN,NaN,NaN,NaN,NaN,NaN,NaN,0.45796363,4.618908605,-0.127192336,2
100408,NaN,NaN,NaN,NaN,NaN,NaN,NaN,NaN,NaN,0.600550863,4.453017364,0.149933136,5
100610,NaN,NaN,NaN,NaN,NaN,NaN,NaN,NaN,NaN,0.525436495,4.527615154,-0.03774484,4
101006,NaN,NaN,NaN,NaN,NaN,NaN,NaN,NaN,NaN,0.398471905,4.417267067,-0.33340283,2
101107,NaN,NaN,NaN,NaN,NaN,NaN,NaN,NaN,NaN,0.591094387,4.543929379,0.084239974,5
101309,NaN,NaN,NaN,NaN,NaN,NaN,NaN,NaN,NaN,0.475819942,4.490640053,-0.145261673,3
101915,NaN,NaN,NaN,NaN,NaN,NaN,NaN,NaN,NaN,0.529057614,4.665293072,0.094174649,4
102008,NaN,NaN,NaN,NaN,NaN,NaN,NaN,NaN,NaN,0.665763851,4.358770619,0.277744077,5
102311,NaN,NaN,NaN,NaN,NaN,NaN,NaN,NaN,NaN,0.526187817,4.614647519,0.01097764,4
102513,NaN,NaN,NaN,NaN,NaN,NaN,NaN,NaN,NaN,0.555535066,4.651018686,0.102398321,4
102614,NaN,NaN,NaN,NaN,NaN,NaN,NaN,NaN,NaN,0.365838679,4.452276254,-0.272805422,1
102715,NaN,NaN,NaN,NaN,NaN,NaN,NaN,NaN,NaN,0.486334995,4.504353903,-0.153762157,3
102816,NaN,NaN,NaN,NaN,NaN,NaN,NaN,NaN,NaN,0.51782121,4.622895891,-0.13185751,4
103010,NaN,NaN,NaN,NaN,NaN,NaN,NaN,NaN,NaN,0.587418512,4.455310184,0.089459193,5
103111,NaN,NaN,NaN,NaN,NaN,NaN,NaN,NaN,NaN,0.369838035,4.379612375,-0.268252384,1
103212,NaN,NaN,NaN,NaN,NaN,NaN,NaN,NaN,NaN,0.540880937,4.597231004,-0.040666206,4
103414,NaN,NaN,NaN,NaN,NaN,NaN,NaN,NaN,NaN,0.386972281,4.497015094,-0.322559846,1
103515,NaN,NaN,NaN,NaN,NaN,NaN,NaN,NaN,NaN,0.494140925,4.535891892,-0.079718069,3
103818,NaN,NaN,NaN,NaN,NaN,NaN,NaN,NaN,NaN,0.542269169,4.592868112,-0.05028317,4
104012,NaN,NaN,NaN,NaN,NaN,NaN,NaN,NaN,NaN,0.372180178,4.425238129,-0.323310887,1
104416,NaN,NaN,NaN,NaN,NaN,NaN,NaN,NaN,NaN,0.455605292,4.463115645,-0.131908474,2
104820,NaN,NaN,NaN,NaN,NaN,NaN,NaN,NaN,NaN,0.375242796,4.425665806,-0.343442199,1
105014,NaN,NaN,NaN,NaN,NaN,NaN,NaN,NaN,NaN,0.450572295,4.537933348,-0.190353264,2
105115,NaN,NaN,NaN,NaN,NaN,NaN,NaN,NaN,NaN,0.412682415,4.592038063,-0.167223407,2
105216,NaN,NaN,NaN,NaN,NaN,NaN,NaN,NaN,NaN,0.446899194,4.49692163,-0.2308144,2
105620,NaN,NaN,NaN,NaN,NaN,NaN,NaN,NaN,NaN,0.358656125,4.381316399,-0.354691749,1
105923,NaN,NaN,NaN,NaN,NaN,NaN,NaN,NaN,NaN,0.691232279,4.338468124,0.30339812,5
106016,NaN,NaN,NaN,NaN,NaN,NaN,NaN,NaN,NaN,0.489414287,4.63706906,-0.035989498,3
106319,NaN,NaN,NaN,NaN,NaN,NaN,NaN,NaN,NaN,0.6817005,4.303343812,0.317228108,5
106521,NaN,NaN,NaN,NaN,NaN,NaN,NaN,NaN,NaN,0.44111216,4.534472961,-0.192545092,2
106824,NaN,NaN,NaN,NaN,NaN,NaN,NaN,NaN,NaN,0.544436688,4.67421478,0.082790691,4
107018,NaN,NaN,NaN,NaN,NaN,NaN,NaN,NaN,NaN,0.488747321,4.709324063,-0.051988113,3
107321,NaN,NaN,NaN,NaN,NaN,NaN,NaN,NaN,NaN,0.429076933,4.515409817,-0.145022325,2
107422,NaN,NaN,NaN,NaN,NaN,NaN,NaN,NaN,NaN,0.569501672,4.637748907,0.112529699,4
107725,NaN,NaN,NaN,NaN,NaN,NaN,NaN,NaN,NaN,0.459605956,4.506962191,-0.302214708,3
108020,NaN,NaN,NaN,NaN,NaN,NaN,NaN,NaN,NaN,0.518891328,4.637707368,-0.04816562,4
108121,NaN,NaN,NaN,NaN,NaN,NaN,NaN,NaN,NaN,0.508272374,4.567677995,-0.103588138,3
108222,NaN,NaN,NaN,NaN,NaN,NaN,NaN,NaN,NaN,0.633092454,4.464957702,0.167200189,5
108323,NaN,NaN,NaN,NaN,NaN,NaN,NaN,NaN,NaN,0.461511033,4.632172204,-0.119408427,3
108525,NaN,NaN,NaN,NaN,NaN,NaN,NaN,NaN,NaN,0.506105208,4.576571561,-0.046033014,3
108828,NaN,NaN,NaN,NaN,NaN,NaN,NaN,NaN,NaN,0.58203922,4.431477572,0.103656025,5
109123,NaN,NaN,NaN,NaN,NaN,NaN,NaN,NaN,NaN,0.572713669,4.544509824,0.055601864,4
109325,NaN,NaN,NaN,NaN,NaN,NaN,NaN,NaN,NaN,0.430614099,4.592411723,-0.180571571,2
110007,NaN,NaN,NaN,NaN,NaN,NaN,NaN,NaN,NaN,0.588500854,4.52447937,0.088864965,5
110411,NaN,NaN,NaN,NaN,NaN,NaN,NaN,NaN,NaN,0.520353164,4.646687553,-0.12511764,4
110613,NaN,NaN,NaN,NaN,NaN,NaN,NaN,NaN,NaN,0.530474861,4.600073322,0.038102912,4
111009,NaN,NaN,NaN,NaN,NaN,NaN,NaN,NaN,NaN,0.379852891,4.420347957,-0.333732774,1
111211,NaN,NaN,NaN,NaN,NaN,NaN,NaN,NaN,NaN,0.557577344,4.687663065,0.06327512,4
111312,NaN,NaN,NaN,NaN,NaN,NaN,NaN,NaN,NaN,0.577734198,4.501085149,0.054355856,4
111413,NaN,NaN,NaN,NaN,NaN,NaN,NaN,NaN,NaN,0.331530853,4.222215941,-0.515960016,1
111514,NaN,NaN,NaN,NaN,NaN,NaN,NaN,NaN,NaN,0.420657648,4.43094156,-0.260894739,2
111716,NaN,NaN,NaN,NaN,NaN,NaN,NaN,NaN,NaN,0.381947614,4.377613933,-0.382539116,1
112112,NaN,NaN,NaN,NaN,NaN,NaN,NaN,NaN,NaN,0.619247114,4.401534687,0.164824286,5
112314,NaN,NaN,NaN,NaN,NaN,NaN,NaN,NaN,NaN,0.468128468,4.527854624,-0.168271695,3
112516,NaN,NaN,NaN,NaN,NaN,NaN,NaN,NaN,NaN,0.488005061,4.760423496,0.101471218,3
112920,NaN,NaN,NaN,NaN,NaN,NaN,NaN,NaN,NaN,0.710649334,4.2432747,0.344601587,5
113215,NaN,NaN,NaN,NaN,NaN,NaN,NaN,NaN,NaN,0.497768412,4.531531402,-0.088133235,3
113316,NaN,NaN,NaN,NaN,NaN,NaN,NaN,NaN,NaN,0.512078443,4.575394107,-0.055083683,3
113619,NaN,NaN,NaN,NaN,NaN,NaN,NaN,NaN,NaN,0.438043187,4.544430778,-0.206367481,2
113922,NaN,NaN,NaN,NaN,NaN,NaN,NaN,NaN,NaN,0.512527421,4.600547475,-0.06186226,3
114217,NaN,NaN,NaN,NaN,NaN,NaN,NaN,NaN,NaN,0.444028291,4.558002618,-0.160980765,2
114318,NaN,NaN,NaN,NaN,NaN,NaN,NaN,NaN,NaN,0.426823194,4.537490628,-0.24876844,2
114419,NaN,NaN,NaN,NaN,NaN,NaN,NaN,NaN,NaN,0.520802993,4.648348933,-0.025833514,4
114621,NaN,NaN,NaN,NaN,NaN,NaN,NaN,NaN,NaN,0.462614019,4.583506154,-0.112334373,3
114823,NaN,NaN,NaN,NaN,NaN,NaN,NaN,NaN,NaN,0.5379962,4.620591088,0.021063356,4
114924,NaN,NaN,NaN,NaN,NaN,NaN,NaN,NaN,NaN,0.627790047,4.376477356,0.161719217,5
115017,NaN,NaN,NaN,NaN,NaN,NaN,NaN,NaN,NaN,0.528430207,4.592054956,-0.025701041,4
115219,NaN,NaN,NaN,NaN,NaN,NaN,NaN,NaN,NaN,0.519528393,4.556028068,-0.082320246,4
115320,NaN,NaN,NaN,NaN,NaN,NaN,NaN,NaN,NaN,0.386858606,4.438896669,-0.292648956,1
115724,NaN,NaN,NaN,NaN,NaN,NaN,NaN,NaN,NaN,0.387876152,4.394538743,-0.31791885,1
115825,NaN,NaN,NaN,NaN,NaN,NaN,NaN,NaN,NaN,0.613082459,4.532559983,0.141915651,5
116524,NaN,NaN,NaN,NaN,NaN,NaN,NaN,NaN,NaN,0.581412297,4.50438701,0.03621187,5
116726,NaN,NaN,NaN,NaN,NaN,NaN,NaN,NaN,NaN,0.414557701,4.515682224,-0.193744232,2
117021,NaN,NaN,NaN,NaN,NaN,NaN,NaN,NaN,NaN,0.613623189,4.497987054,0.12611349,5
117122,NaN,NaN,NaN,NaN,NaN,NaN,NaN,NaN,NaN,0.483387679,4.577741474,-0.130382693,3
117324,NaN,NaN,NaN,NaN,NaN,NaN,NaN,NaN,NaN,0.453954379,4.617183938,-0.133409385,2
117930,NaN,NaN,NaN,NaN,NaN,NaN,NaN,NaN,NaN,0.457104885,4.535372705,-0.159925628,2
118023,NaN,NaN,NaN,NaN,NaN,NaN,NaN,NaN,NaN,0.605860002,4.494422874,0.208064103,5
118124,NaN,NaN,NaN,NaN,NaN,NaN,NaN,NaN,NaN,0.381262504,4.445035647,-0.313312659,1
118225,NaN,NaN,NaN,NaN,NaN,NaN,NaN,NaN,NaN,0.55118791,4.602452543,0.066113871,4
118528,NaN,NaN,NaN,NaN,NaN,NaN,NaN,NaN,NaN,0.427583094,4.563255189,-0.214152422,2
118730,NaN,NaN,NaN,NaN,NaN,NaN,NaN,NaN,NaN,0.449407175,4.528758055,-0.203114408,2
118831,NaN,NaN,NaN,NaN,NaN,NaN,NaN,NaN,NaN,0.457936457,4.545130298,-0.230584126,2
118932,NaN,NaN,NaN,NaN,NaN,NaN,NaN,NaN,NaN,0.458080174,4.448371357,-0.234071164,2
119025,NaN,NaN,NaN,NaN,NaN,NaN,NaN,NaN,NaN,0.390604263,4.388787545,-0.325163632,2
119126,NaN,NaN,NaN,NaN,NaN,NaN,NaN,NaN,NaN,0.527131201,4.566126867,-0.052960656,4
120111,NaN,NaN,NaN,NaN,NaN,NaN,NaN,NaN,NaN,0.398610161,4.46744044,-0.240421224,2
120212,NaN,NaN,NaN,NaN,NaN,NaN,NaN,NaN,NaN,0.443000113,4.538026537,-0.187411534,2
120414,NaN,NaN,NaN,NaN,NaN,NaN,NaN,NaN,NaN,0.447622791,4.58077936,-0.160114923,2
120515,NaN,NaN,NaN,NaN,NaN,NaN,NaN,NaN,NaN,0.586742359,4.560500605,0.113099551,5
120717,NaN,NaN,NaN,NaN,NaN,NaN,NaN,NaN,NaN,0.579228225,4.48202725,0.037550534,4
121416,NaN,NaN,NaN,NaN,NaN,NaN,NaN,NaN,NaN,0.445242026,4.57484974,-0.181982949,2
121618,NaN,NaN,NaN,NaN,NaN,NaN,NaN,NaN,NaN,0.401310205,4.440446261,-0.234030876,2
121921,NaN,NaN,NaN,NaN,NaN,NaN,NaN,NaN,NaN,0.538453453,4.604080623,0.004359789,4
122317,NaN,NaN,NaN,NaN,NaN,NaN,NaN,NaN,NaN,0.449033846,4.575416662,-0.146356901,2
122620,NaN,NaN,NaN,NaN,NaN,NaN,NaN,NaN,NaN,0.412688028,4.484081015,-0.238699225,2
122822,NaN,NaN,NaN,NaN,NaN,NaN,NaN,NaN,NaN,0.406451203,4.451401222,-0.287720017,2
123117,NaN,NaN,NaN,NaN,NaN,NaN,NaN,NaN,NaN,0.438112215,4.559669252,-0.234669531,2
123420,NaN,NaN,NaN,NaN,NaN,NaN,NaN,NaN,NaN,0.558983754,4.596125477,-0.013434684,4
123723,NaN,NaN,NaN,NaN,NaN,NaN,NaN,NaN,NaN,0.513767413,4.577104225,-0.058198719,3
123824,NaN,NaN,NaN,NaN,NaN,NaN,NaN,NaN,NaN,0.50327828,4.548087961,-0.073280783,3
123925,NaN,NaN,NaN,NaN,NaN,NaN,NaN,NaN,NaN,0.486635969,4.513247273,-0.152412087,3
124220,NaN,NaN,NaN,NaN,NaN,NaN,NaN,NaN,NaN,0.440396236,4.488525372,-0.216170544,2
124422,NaN,NaN,NaN,NaN,NaN,NaN,NaN,NaN,NaN,0.395511308,4.359384506,-0.271315175,2
124624,NaN,NaN,NaN,NaN,NaN,NaN,NaN,NaN,NaN,0.571196107,4.639327558,0.063627527,4
124826,NaN,NaN,NaN,NaN,NaN,NaN,NaN,NaN,NaN,0.385870697,4.414345487,-0.312009316,1
125222,NaN,NaN,NaN,NaN,NaN,NaN,NaN,NaN,NaN,0.522798185,4.526410604,-0.060788908,4
125424,NaN,NaN,NaN,NaN,NaN,NaN,NaN,NaN,NaN,0.542784267,4.614047022,0.019779338,4
125525,NaN,NaN,NaN,NaN,NaN,NaN,NaN,NaN,NaN,0.523098635,4.57994146,-0.16345331,4
126325,NaN,NaN,NaN,NaN,NaN,NaN,NaN,NaN,NaN,0.452560795,4.58228663,-0.210964045,2
126426,NaN,NaN,NaN,NaN,NaN,NaN,NaN,NaN,NaN,0.525360186,4.48214772,-0.06797232,4
126628,NaN,NaN,NaN,NaN,NaN,NaN,NaN,NaN,NaN,0.600064342,4.523165084,0.156564585,5
127226,NaN,NaN,NaN,NaN,NaN,NaN,NaN,NaN,NaN,0.477503536,4.618270019,-0.061922141,3
127327,NaN,NaN,NaN,NaN,NaN,NaN,NaN,NaN,NaN,0.526601543,4.649089622,-0.046397172,4
127630,NaN,NaN,NaN,NaN,NaN,NaN,NaN,NaN,NaN,0.437089352,4.625761452,-0.139553542,2
127731,NaN,NaN,NaN,NaN,NaN,NaN,NaN,NaN,NaN,0.398732185,4.438332598,-0.286780929,2
127832,NaN,NaN,NaN,NaN,NaN,NaN,NaN,NaN,NaN,0.44710282,4.563802469,-0.125260351,2
127933,NaN,NaN,NaN,NaN,NaN,NaN,NaN,NaN,NaN,0.497252941,4.591057031,-0.0823367,3
128026,NaN,NaN,NaN,NaN,NaN,NaN,NaN,NaN,NaN,0.549330425,4.660551356,0.017449138,4
128127,NaN,NaN,NaN,NaN,NaN,NaN,NaN,NaN,NaN,0.425868455,4.499730178,-0.170724817,2
128632,NaN,NaN,NaN,NaN,NaN,NaN,NaN,NaN,NaN,0.631658958,4.454452083,0.150264198,5
128935,NaN,NaN,NaN,NaN,NaN,NaN,NaN,NaN,NaN,0.481425105,4.467894482,-0.182572287,3
129028,NaN,NaN,NaN,NaN,NaN,NaN,NaN,NaN,NaN,0.453365031,4.541017427,-0.129109458,2
129129,NaN,NaN,NaN,NaN,NaN,NaN,NaN,NaN,NaN,0.522048047,4.505721312,-0.016728668,4
129331,NaN,NaN,NaN,NaN,NaN,NaN,NaN,NaN,NaN,0.478779942,4.546230968,-0.13582203,3
129634,NaN,NaN,NaN,NaN,NaN,NaN,NaN,NaN,NaN,0.609239409,4.538913468,0.13621339,5
130013,NaN,NaN,NaN,NaN,NaN,NaN,NaN,NaN,NaN,0.387550968,4.460850683,-0.448536652,1
130114,NaN,NaN,NaN,NaN,NaN,NaN,NaN,NaN,NaN,0.556570019,4.365242178,0.078936609,4
130316,NaN,NaN,NaN,NaN,NaN,NaN,NaN,NaN,NaN,0.524981323,4.567806764,-0.127183838,4
130417,NaN,NaN,NaN,NaN,NaN,NaN,NaN,NaN,NaN,0.418851709,4.570368505,-0.215302597,2
130518,NaN,NaN,NaN,NaN,NaN,NaN,NaN,NaN,NaN,0.476101474,4.533118883,-0.128109271,3
130619,NaN,NaN,NaN,NaN,NaN,NaN,NaN,NaN,NaN,0.526343359,4.633235296,0.019406816,4
130720,NaN,NaN,NaN,NaN,NaN,NaN,NaN,NaN,NaN,0.606117211,4.633461937,0.186390579,5
130821,NaN,NaN,NaN,NaN,NaN,NaN,NaN,NaN,NaN,0.570207403,4.469019861,-0.033139438,4
130922,NaN,NaN,NaN,NaN,NaN,NaN,NaN,NaN,NaN,0.397671203,4.451328902,-0.298224281,2
131217,NaN,NaN,NaN,NaN,NaN,NaN,NaN,NaN,NaN,0.521558168,4.506666882,-0.034497047,4
131419,NaN,NaN,NaN,NaN,NaN,NaN,NaN,NaN,NaN,0.461225149,4.582607773,-0.118177639,3
131722,NaN,NaN,NaN,NaN,NaN,NaN,NaN,NaN,NaN,0.535091449,4.659641985,0.105276542,4
131823,NaN,NaN,NaN,NaN,NaN,NaN,NaN,NaN,NaN,0.566934644,4.581783681,0.133450064,4
131924,NaN,NaN,NaN,NaN,NaN,NaN,NaN,NaN,NaN,0.479594702,4.58021557,-0.154911888,3
132017,NaN,NaN,NaN,NaN,NaN,NaN,NaN,NaN,NaN,0.516882333,4.626185449,-0.011705891,4
132118,NaN,NaN,NaN,NaN,NaN,NaN,NaN,NaN,NaN,0.521884596,4.599561054,-0.035767491,4
133019,NaN,NaN,NaN,NaN,NaN,NaN,NaN,NaN,NaN,0.590168744,4.50128746,0.105337451,5
133625,NaN,NaN,NaN,NaN,NaN,NaN,NaN,NaN,NaN,0.462492486,4.568110113,-0.09269695,3
133827,NaN,NaN,NaN,NaN,NaN,NaN,NaN,NaN,NaN,0.624529916,4.504002769,0.163164285,5
133928,NaN,NaN,NaN,NaN,NaN,NaN,NaN,NaN,NaN,0.558887853,4.660344511,0.008578816,4
134021,NaN,NaN,NaN,NaN,NaN,NaN,NaN,NaN,NaN,0.497471274,4.643732867,-0.001191752,3
134223,NaN,NaN,NaN,NaN,NaN,NaN,NaN,NaN,NaN,0.590419832,4.502732341,0.136450878,5
134324,NaN,NaN,NaN,NaN,NaN,NaN,NaN,NaN,NaN,0.479690108,4.587998895,-0.122187044,3
134425,NaN,NaN,NaN,NaN,NaN,NaN,NaN,NaN,NaN,0.403645507,4.46663149,-0.30346458,2
134627,NaN,NaN,NaN,NaN,NaN,NaN,NaN,NaN,NaN,0.497212779,4.571526158,-0.14899462,3
134728,NaN,NaN,NaN,NaN,NaN,NaN,NaN,NaN,NaN,0.570308792,4.579498049,0.031210453,4
134829,NaN,NaN,NaN,NaN,NaN,NaN,NaN,NaN,NaN,0.485358226,4.552156254,-0.109041741,3
135124,NaN,NaN,NaN,NaN,NaN,NaN,NaN,NaN,NaN,0.538694013,4.548963203,0.107338512,4
135225,NaN,NaN,NaN,NaN,NaN,NaN,NaN,NaN,NaN,0.559598205,4.652186993,0.0278195,4
135528,NaN,NaN,NaN,NaN,NaN,NaN,NaN,NaN,NaN,0.499313414,4.566319805,-0.107177843,3
135629,NaN,NaN,NaN,NaN,NaN,NaN,NaN,NaN,NaN,0.616840934,4.500522371,0.172772071,5
135730,NaN,NaN,NaN,NaN,NaN,NaN,NaN,NaN,NaN,0.486622004,4.642790584,-0.059728826,3
135932,NaN,NaN,NaN,NaN,NaN,NaN,NaN,NaN,NaN,0.564666113,4.521378381,0.079662446,4
136126,NaN,NaN,NaN,NaN,NaN,NaN,NaN,NaN,NaN,0.424385605,4.5408562,-0.215762622,2
136227,NaN,NaN,NaN,NaN,NaN,NaN,NaN,NaN,NaN,0.496322427,4.551005121,-0.070564336,3
136631,NaN,NaN,NaN,NaN,NaN,NaN,NaN,NaN,NaN,0.562985296,4.503360195,0.029704566,4
136732,NaN,NaN,NaN,NaN,NaN,NaN,NaN,NaN,NaN,0.450243785,4.553250034,-0.182708069,2
136833,NaN,NaN,NaN,NaN,NaN,NaN,NaN,NaN,NaN,0.601359552,4.501680065,0.10603977,5
137027,NaN,NaN,NaN,NaN,NaN,NaN,NaN,NaN,NaN,0.528887711,4.493699204,0.012819554,4
137128,NaN,NaN,NaN,NaN,NaN,NaN,NaN,NaN,NaN,0.447697949,4.501137157,-0.208640736,2
137229,NaN,NaN,NaN,NaN,NaN,NaN,NaN,NaN,NaN,0.315597236,4.282321791,-0.42102506,1
137532,NaN,NaN,NaN,NaN,NaN,NaN,NaN,NaN,NaN,0.563657712,4.433489727,0.03200578,4
137633,NaN,NaN,NaN,NaN,NaN,NaN,NaN,NaN,NaN,0.574939353,4.527735427,0.055245993,4
137936,NaN,NaN,NaN,NaN,NaN,NaN,NaN,NaN,NaN,0.459711835,4.56231802,-0.233971717,3
138130,NaN,NaN,NaN,NaN,NaN,NaN,NaN,NaN,NaN,0.470468702,4.605903584,-0.131834388,3
138231,NaN,NaN,NaN,NaN,NaN,NaN,NaN,NaN,NaN,0.415212849,4.397216305,-0.345513666,2
138332,NaN,NaN,NaN,NaN,NaN,NaN,NaN,NaN,NaN,0.502056472,4.682834913,-0.021205487,3
138534,NaN,NaN,NaN,NaN,NaN,NaN,NaN,NaN,NaN,0.4954521,4.586729654,-0.059890749,3
138837,NaN,NaN,NaN,NaN,NaN,NaN,NaN,NaN,NaN,0.60251386,4.477541983,0.138717361,5
139233,NaN,NaN,NaN,NaN,NaN,NaN,NaN,NaN,NaN,0.465336282,4.520471523,-0.174828773,3
139435,NaN,NaN,NaN,NaN,NaN,NaN,NaN,NaN,NaN,0.374363297,4.389605095,-0.316150513,1
139637,NaN,NaN,NaN,NaN,NaN,NaN,NaN,NaN,NaN,0.569964041,4.449470828,0.018881563,4
139839,NaN,NaN,NaN,NaN,NaN,NaN,NaN,NaN,NaN,0.449502116,4.470675794,-0.194450127,2
140117,NaN,NaN,NaN,NaN,NaN,NaN,NaN,NaN,NaN,0.450942953,4.580254788,-0.204914938,2
140824,NaN,NaN,NaN,NaN,NaN,NaN,NaN,NaN,NaN,0.615441424,4.483639344,0.029292839,5
140925,NaN,NaN,NaN,NaN,NaN,NaN,NaN,NaN,NaN,0.553272776,4.535277324,0.018849518,4
141119,NaN,NaN,NaN,NaN,NaN,NaN,NaN,NaN,NaN,0.60814534,4.471477234,0.142157849,5
141422,NaN,NaN,NaN,NaN,NaN,NaN,NaN,NaN,NaN,0.438034574,4.615217538,-0.147709429,2
141826,NaN,NaN,NaN,NaN,NaN,NaN,NaN,NaN,NaN,0.576171933,4.646246885,0.083976429,4
142828,NaN,NaN,NaN,NaN,NaN,NaN,NaN,NaN,NaN,0.591140129,4.604104549,0.032916268,5
143224,NaN,NaN,NaN,NaN,NaN,NaN,NaN,NaN,NaN,0.686968771,4.343755744,0.283926805,5
143325,NaN,NaN,NaN,NaN,NaN,NaN,NaN,NaN,NaN,0.46847932,4.572787439,-0.145490713,3
143426,NaN,NaN,NaN,NaN,NaN,NaN,NaN,NaN,NaN,0.494539614,4.623111381,-0.088010329,3
143830,NaN,NaN,NaN,NaN,NaN,NaN,NaN,NaN,NaN,0.425180285,4.52163107,-0.24615471,2
144125,NaN,NaN,NaN,NaN,NaN,NaN,NaN,NaN,NaN,0.655233327,4.44250335,0.21720097,5
144226,NaN,NaN,NaN,NaN,NaN,NaN,NaN,NaN,NaN,0.553941761,4.608819136,0.042631733,4
144428,NaN,NaN,NaN,NaN,NaN,NaN,NaN,NaN,NaN,0.507492515,4.49455906,-0.14836331,3
144832,NaN,NaN,NaN,NaN,NaN,NaN,NaN,NaN,NaN,0.472980381,4.556502813,-0.139059461,3
144933,NaN,NaN,NaN,NaN,NaN,NaN,NaN,NaN,NaN,0.561289718,4.525675446,0.022785844,4
145127,NaN,NaN,NaN,NaN,NaN,NaN,NaN,NaN,NaN,0.532215913,4.419858743,-0.052979498,4
145632,NaN,NaN,NaN,NaN,NaN,NaN,NaN,NaN,NaN,0.467348847,4.443500964,-0.181389095,3
145834,NaN,NaN,NaN,NaN,NaN,NaN,NaN,NaN,NaN,0.447221064,4.576313621,-0.147459857,2
146129,NaN,NaN,NaN,NaN,NaN,NaN,NaN,NaN,NaN,0.511001805,4.606545371,-0.051364031,3
146331,NaN,NaN,NaN,NaN,NaN,NaN,NaN,NaN,NaN,0.398174294,4.436015452,-0.266555549,2
146432,NaN,NaN,NaN,NaN,NaN,NaN,NaN,NaN,NaN,0.621861652,4.426374305,0.186063837,5
146533,NaN,NaN,NaN,NaN,NaN,NaN,NaN,NaN,NaN,0.400761321,4.428408642,-0.24761402,2
146735,NaN,NaN,NaN,NaN,NaN,NaN,NaN,NaN,NaN,0.388807559,4.366831491,-0.295798844,1
146836,NaN,NaN,NaN,NaN,NaN,NaN,NaN,NaN,NaN,0.477580392,4.652503848,-0.132453422,3
146937,NaN,NaN,NaN,NaN,NaN,NaN,NaN,NaN,NaN,0.457634711,4.533212205,-0.1260756,2
147030,NaN,NaN,NaN,NaN,NaN,NaN,NaN,NaN,NaN,0.537587641,4.541222076,0.043454581,4
147636,NaN,NaN,NaN,NaN,NaN,NaN,NaN,NaN,NaN,0.502622968,4.630334728,-0.110494534,3
147737,NaN,NaN,NaN,NaN,NaN,NaN,NaN,NaN,NaN,0.377896994,4.441330856,-0.327324676,1
148032,NaN,NaN,NaN,NaN,NaN,NaN,NaN,NaN,NaN,0.401691335,4.416090402,-0.27541567,2
148133,NaN,NaN,NaN,NaN,NaN,NaN,NaN,NaN,NaN,0.448697705,4.595026483,-0.117791569,2
148335,NaN,NaN,NaN,NaN,NaN,NaN,NaN,NaN,NaN,0.349533434,4.334526754,-0.409756162,1
148436,NaN,NaN,NaN,NaN,NaN,NaN,NaN,NaN,NaN,0.45145105,4.537800376,-0.227492857,2
148840,NaN,NaN,NaN,NaN,NaN,NaN,NaN,NaN,NaN,0.377042497,4.491519293,-0.307568551,1
148941,NaN,NaN,NaN,NaN,NaN,NaN,NaN,NaN,NaN,0.497934766,4.602044357,-0.053262089,3
149236,NaN,NaN,NaN,NaN,NaN,NaN,NaN,NaN,NaN,0.318224502,4.236763043,-0.400049637,1
149337,NaN,NaN,NaN,NaN,NaN,NaN,NaN,NaN,NaN,0.347124512,4.385402908,-0.340299478,1
149539,NaN,NaN,NaN,NaN,NaN,NaN,NaN,NaN,NaN,0.480667669,4.533913146,-0.176942723,3
149741,NaN,NaN,NaN,NaN,NaN,NaN,NaN,NaN,NaN,0.564811407,4.505509298,-0.027530359,4
149842,NaN,NaN,NaN,NaN,NaN,NaN,NaN,NaN,NaN,0.446147216,4.599409891,-0.170176749,2
150625,NaN,NaN,NaN,NaN,NaN,NaN,NaN,NaN,NaN,0.482158249,4.637270122,-0.138357763,3
150726,NaN,NaN,NaN,NaN,NaN,NaN,NaN,NaN,NaN,0.451706459,4.581017534,-0.180445388,2
150928,NaN,NaN,NaN,NaN,NaN,NaN,NaN,NaN,NaN,0.633588778,4.519338458,0.204170023,5
151223,NaN,NaN,NaN,NaN,NaN,NaN,NaN,NaN,NaN,0.495149203,4.662777463,-0.082823848,3
151324,NaN,NaN,NaN,NaN,NaN,NaN,NaN,NaN,NaN,0.572763762,4.568304919,0.076585618,4
151425,NaN,NaN,NaN,NaN,NaN,NaN,NaN,NaN,NaN,0.554047912,4.542035849,0.022509701,4
151526,NaN,NaN,NaN,NaN,NaN,NaN,NaN,NaN,NaN,0.493440808,4.585709711,-0.091963462,3
151627,NaN,NaN,NaN,NaN,NaN,NaN,NaN,NaN,NaN,0.41123844,4.461864732,-0.217482466,2
151728,NaN,NaN,NaN,NaN,NaN,NaN,NaN,NaN,NaN,0.538805086,4.560444213,-0.131193972,4
151829,NaN,NaN,NaN,NaN,NaN,NaN,NaN,NaN,NaN,0.377568479,4.476321362,-0.217793716,1
151930,NaN,NaN,NaN,NaN,NaN,NaN,NaN,NaN,NaN,0.498247874,4.541376128,-0.051068188,3
152225,NaN,NaN,NaN,NaN,NaN,NaN,NaN,NaN,NaN,0.603216448,4.466993406,0.176510913,5
152427,NaN,NaN,NaN,NaN,NaN,NaN,NaN,NaN,NaN,0.486807083,4.678337807,-0.072369612,3
152831,NaN,NaN,NaN,NaN,NaN,NaN,NaN,NaN,NaN,0.479643104,4.606758527,-0.066179779,3
153025,NaN,NaN,NaN,NaN,NaN,NaN,NaN,NaN,NaN,0.513855639,4.652229457,-0.039708409,3
153126,NaN,NaN,NaN,NaN,NaN,NaN,NaN,NaN,NaN,0.472636609,4.508924373,-0.125166979,3
153227,NaN,NaN,NaN,NaN,NaN,NaN,NaN,NaN,NaN,0.47014894,4.543349659,-0.108394618,3
153429,NaN,NaN,NaN,NaN,NaN,NaN,NaN,NaN,NaN,0.460686743,4.506286629,-0.204103815,3
153631,NaN,NaN,NaN,NaN,NaN,NaN,NaN,NaN,NaN,0.431791323,4.491307072,-0.226474928,2
153732,NaN,NaN,NaN,NaN,NaN,NaN,NaN,NaN,NaN,0.606086552,4.55329877,0.15847283,5
153833,NaN,NaN,NaN,NaN,NaN,NaN,NaN,NaN,NaN,0.617617325,4.452247747,0.129271812,5
153934,NaN,NaN,NaN,NaN,NaN,NaN,NaN,NaN,NaN,0.576218238,4.495643753,0.065891285,4
154229,NaN,NaN,NaN,NaN,NaN,NaN,NaN,NaN,NaN,0.474233268,4.616520454,-0.109112705,3
154330,NaN,NaN,NaN,NaN,NaN,NaN,NaN,NaN,NaN,0.58923072,4.585240956,0.06640018,5
154431,NaN,NaN,NaN,NaN,NaN,NaN,NaN,NaN,NaN,0.498068007,4.591757355,-0.097406371,3
154532,NaN,NaN,NaN,NaN,NaN,NaN,NaN,NaN,NaN,0.476639501,4.647922733,-0.165427747,3
154734,NaN,NaN,NaN,NaN,NaN,NaN,NaN,NaN,NaN,0.546803462,4.494466324,-0.000172516,4
154835,NaN,NaN,NaN,NaN,NaN,NaN,NaN,NaN,NaN,0.41505985,4.54535956,-0.118864386,2
154936,NaN,NaN,NaN,NaN,NaN,NaN,NaN,NaN,NaN,0.403427743,4.497953499,-0.311784605,2
155635,NaN,NaN,NaN,NaN,NaN,NaN,NaN,NaN,NaN,0.40077165,4.460972773,-0.322696942,2
155938,NaN,NaN,NaN,NaN,NaN,NaN,NaN,NaN,NaN,0.390021763,4.443223152,-0.240064993,2
156031,NaN,NaN,NaN,NaN,NaN,NaN,NaN,NaN,NaN,0.484283816,4.607464947,-0.104912785,3
156233,NaN,NaN,NaN,NaN,NaN,NaN,NaN,NaN,NaN,0.441867116,4.452580015,-0.343732714,2
156334,NaN,NaN,NaN,NaN,NaN,NaN,NaN,NaN,NaN,0.472563574,4.482654462,-0.117238371,3
156435,NaN,NaN,NaN,NaN,NaN,NaN,NaN,NaN,NaN,0.649209611,4.40130061,0.28311561,5
156536,NaN,NaN,NaN,NaN,NaN,NaN,NaN,NaN,NaN,0.606486678,4.526866259,0.140663386,5
156637,NaN,NaN,NaN,NaN,NaN,NaN,NaN,NaN,NaN,0.557284392,4.615080247,0.019332179,4
157336,NaN,NaN,NaN,NaN,NaN,NaN,NaN,NaN,NaN,0.443526774,4.620601403,-0.20205328,2
157437,NaN,NaN,NaN,NaN,NaN,NaN,NaN,NaN,NaN,0.68873881,4.33905317,0.309672182,5
157942,NaN,NaN,NaN,NaN,NaN,NaN,NaN,NaN,NaN,0.555696381,4.420899512,-0.002821361,4
158035,NaN,NaN,NaN,NaN,NaN,NaN,NaN,NaN,NaN,0.386694515,4.418024012,-0.303380886,1
158136,NaN,NaN,NaN,NaN,NaN,NaN,NaN,NaN,NaN,0.432265988,4.575710683,-0.137081852,2
158338,NaN,NaN,NaN,NaN,NaN,NaN,NaN,NaN,NaN,0.423495406,4.516325874,-0.251116541,2
158540,NaN,NaN,NaN,NaN,NaN,NaN,NaN,NaN,NaN,0.587348944,4.421151765,0.064898602,5
158843,NaN,NaN,NaN,NaN,NaN,NaN,NaN,NaN,NaN,0.548863433,4.57295283,0.024813945,4
159138,NaN,NaN,NaN,NaN,NaN,NaN,NaN,NaN,NaN,0.672107728,4.388231431,0.258412241,5
159239,NaN,NaN,NaN,NaN,NaN,NaN,NaN,NaN,NaN,0.421139803,4.536254477,-0.168010825,2
159340,NaN,NaN,NaN,NaN,NaN,NaN,NaN,NaN,NaN,0.458076546,4.537308998,-0.088126915,2
159441,NaN,NaN,NaN,NaN,NaN,NaN,NaN,NaN,NaN,0.547273478,4.558875699,-0.052963139,4
159744,NaN,NaN,NaN,NaN,NaN,NaN,NaN,NaN,NaN,0.489330362,4.502642067,-0.141007306,3
160123,NaN,NaN,NaN,NaN,NaN,NaN,NaN,NaN,NaN,0.530021136,4.505416127,-0.014101407,4
160729,NaN,NaN,NaN,NaN,NaN,NaN,NaN,NaN,NaN,0.405036971,4.492938868,-0.271120434,2
160830,NaN,NaN,NaN,NaN,NaN,NaN,NaN,NaN,NaN,0.505338547,4.580252087,-0.121440396,3
161327,NaN,NaN,NaN,NaN,NaN,NaN,NaN,NaN,NaN,0.424396647,4.442494847,-0.31500993,2
161630,NaN,NaN,NaN,NaN,NaN,NaN,NaN,NaN,NaN,0.529121999,4.58051181,-0.039315241,4
161731,NaN,NaN,NaN,NaN,NaN,NaN,NaN,NaN,NaN,0.525164745,4.567851886,0.031350558,4
161832,NaN,NaN,NaN,NaN,NaN,NaN,NaN,NaN,NaN,0.644332421,4.415035395,0.127192943,5
162026,NaN,NaN,NaN,NaN,NaN,NaN,NaN,NaN,NaN,0.520293286,4.547762756,-0.011993095,4
162228,NaN,NaN,NaN,NaN,NaN,NaN,NaN,NaN,NaN,0.437996164,4.531390594,-0.168331299,2
162329,NaN,NaN,NaN,NaN,NaN,NaN,NaN,NaN,NaN,0.59532224,4.484658766,0.103134135,5
162733,NaN,NaN,NaN,NaN,NaN,NaN,NaN,NaN,NaN,0.545558643,4.658051727,0.018534584,4
162935,NaN,NaN,NaN,NaN,NaN,NaN,NaN,NaN,NaN,0.50054328,4.606223981,-0.095795789,3
163129,NaN,NaN,NaN,NaN,NaN,NaN,NaN,NaN,NaN,0.594100383,4.477627491,0.142079215,5
163331,NaN,NaN,NaN,NaN,NaN,NaN,NaN,NaN,NaN,0.562944882,4.502491144,0.103440137,4
163432,NaN,NaN,NaN,NaN,NaN,NaN,NaN,NaN,NaN,0.562068654,4.563538842,0.029048032,4
163836,NaN,NaN,NaN,NaN,NaN,NaN,NaN,NaN,NaN,0.379517954,4.418895653,-0.269158626,1
164030,NaN,NaN,NaN,NaN,NaN,NaN,NaN,NaN,NaN,0.411185613,4.498631018,-0.202521861,2
164131,NaN,NaN,NaN,NaN,NaN,NaN,NaN,NaN,NaN,0.508170271,4.645274859,-0.078107711,3
164636,NaN,NaN,NaN,NaN,NaN,NaN,NaN,NaN,NaN,0.466522935,4.625409585,-0.166777511,3
164939,NaN,NaN,NaN,NaN,NaN,NaN,NaN,NaN,NaN,0.416500744,4.584085842,-0.19536381,2
165032,NaN,NaN,NaN,NaN,NaN,NaN,NaN,NaN,NaN,0.575369637,4.460120917,0.055853977,4
165436,NaN,NaN,NaN,NaN,NaN,NaN,NaN,NaN,NaN,0.479651921,4.612726518,-0.148341258,3
165638,NaN,NaN,NaN,NaN,NaN,NaN,NaN,NaN,NaN,0.707524507,4.236668576,0.347367348,5
165840,NaN,NaN,NaN,NaN,NaN,NaN,NaN,NaN,NaN,0.602300805,4.417111048,0.084411485,5
165941,NaN,NaN,NaN,NaN,NaN,NaN,NaN,NaN,NaN,0.385642814,4.522430364,-0.273661997,1
166438,NaN,NaN,NaN,NaN,NaN,NaN,NaN,NaN,NaN,0.543878364,4.639699887,0.114660858,4
166640,NaN,NaN,NaN,NaN,NaN,NaN,NaN,NaN,NaN,0.558307878,4.445383668,0.030291984,4
167036,NaN,NaN,NaN,NaN,NaN,NaN,NaN,NaN,NaN,0.444894799,4.581982516,-0.148008475,2
167238,NaN,NaN,NaN,NaN,NaN,NaN,NaN,NaN,NaN,0.462950877,4.608115994,-0.143686689,3
167440,NaN,NaN,NaN,NaN,NaN,NaN,NaN,NaN,NaN,0.352594798,4.352253803,-0.373578472,1
167743,NaN,NaN,NaN,NaN,NaN,NaN,NaN,NaN,NaN,0.479111423,4.567987187,-0.153859031,3
168139,NaN,NaN,NaN,NaN,NaN,NaN,NaN,NaN,NaN,0.454866025,4.610667551,-0.167583566,2
168240,NaN,NaN,NaN,NaN,NaN,NaN,NaN,NaN,NaN,0.430322632,4.542864209,-0.248719871,2
168341,NaN,NaN,NaN,NaN,NaN,NaN,NaN,NaN,NaN,0.455786523,4.648998904,-0.106258449,2
168745,NaN,NaN,NaN,NaN,NaN,NaN,NaN,NaN,NaN,0.443937922,4.589936681,-0.114276256,2
168947,NaN,NaN,NaN,NaN,NaN,NaN,NaN,NaN,NaN,0.358076289,4.411600502,-0.247161613,1
169040,NaN,NaN,NaN,NaN,NaN,NaN,NaN,NaN,NaN,0.531839195,4.613871503,-0.04765976,4
169343,NaN,NaN,NaN,NaN,NaN,NaN,NaN,NaN,NaN,0.44472951,4.528681535,-0.150101168,2
169444,NaN,NaN,NaN,NaN,NaN,NaN,NaN,NaN,NaN,0.483698235,4.55867532,-0.106825698,3
169545,NaN,NaN,NaN,NaN,NaN,NaN,NaN,NaN,NaN,0.553456913,4.645530716,0.048746406,4
169949,NaN,NaN,NaN,NaN,NaN,NaN,NaN,NaN,NaN,0.558772682,4.659378654,-0.007363241,4
170631,NaN,NaN,NaN,NaN,NaN,NaN,NaN,NaN,NaN,0.640978302,4.442885303,0.217159663,5
171330,NaN,NaN,NaN,NaN,NaN,NaN,NaN,NaN,NaN,0.584111313,4.493083592,0.062945066,5
171532,NaN,NaN,NaN,NaN,NaN,NaN,NaN,NaN,NaN,0.408306527,4.441300665,-0.347154661,2
171633,NaN,NaN,NaN,NaN,NaN,NaN,NaN,NaN,NaN,0.527348165,4.552622835,-0.071025083,4
172029,NaN,NaN,NaN,NaN,NaN,NaN,NaN,NaN,NaN,0.530762478,4.626844383,-0.012839926,4
172130,NaN,NaN,NaN,NaN,NaN,NaN,NaN,NaN,NaN,0.558999947,4.571122877,0.077195802,4
172332,NaN,NaN,NaN,NaN,NaN,NaN,NaN,NaN,NaN,0.426726463,4.488461733,-0.21130452,2
172433,NaN,NaN,NaN,NaN,NaN,NaN,NaN,NaN,NaN,0.543903548,4.611037832,0.037797862,4
172534,NaN,NaN,NaN,NaN,NaN,NaN,NaN,NaN,NaN,0.601356534,4.558085521,0.120369493,5
172938,NaN,NaN,NaN,NaN,NaN,NaN,NaN,NaN,NaN,0.402367491,4.472460971,-0.265183196,2
173334,NaN,NaN,NaN,NaN,NaN,NaN,NaN,NaN,NaN,0.563289909,4.608673597,0.029606669,4
173435,NaN,NaN,NaN,NaN,NaN,NaN,NaN,NaN,NaN,0.490650762,4.604638728,-0.061502119,3
173536,NaN,NaN,NaN,NaN,NaN,NaN,NaN,NaN,NaN,0.468530175,4.58764048,-0.081176517,3
173637,NaN,NaN,NaN,NaN,NaN,NaN,NaN,NaN,NaN,0.591578944,4.536385953,0.108305737,5
173738,NaN,NaN,NaN,NaN,NaN,NaN,NaN,NaN,NaN,0.573598549,4.592639268,0.06021917,4
173839,NaN,NaN,NaN,NaN,NaN,NaN,NaN,NaN,NaN,0.475014251,4.628675182,-0.087025398,3
173940,NaN,NaN,NaN,NaN,NaN,NaN,NaN,NaN,NaN,0.384053842,4.443576561,-0.289006788,1
174437,NaN,NaN,NaN,NaN,NaN,NaN,NaN,NaN,NaN,0.580670215,4.517030681,0.108296591,5
174841,NaN,NaN,NaN,NaN,NaN,NaN,NaN,NaN,NaN,0.551060223,4.604118932,0.002748027,4
175035,NaN,NaN,NaN,NaN,NaN,NaN,NaN,NaN,NaN,0.573462754,4.516712949,0.102416973,4
175136,NaN,NaN,NaN,NaN,NaN,NaN,NaN,NaN,NaN,0.448746824,4.522505301,-0.188202964,2
175237,NaN,NaN,NaN,NaN,NaN,NaN,NaN,NaN,NaN,0.418874458,4.477637246,-0.234404569,2
175338,NaN,NaN,NaN,NaN,NaN,NaN,NaN,NaN,NaN,0.471558948,4.663829945,-0.120962602,3
175439,NaN,NaN,NaN,NaN,NaN,NaN,NaN,NaN,NaN,0.370690641,4.451420966,-0.384525288,1
175540,NaN,NaN,NaN,NaN,NaN,NaN,NaN,NaN,NaN,0.538414063,4.501262818,-0.025432806,4
175742,NaN,NaN,NaN,NaN,NaN,NaN,NaN,NaN,NaN,0.437729709,4.481315759,-0.173549499,2
176037,NaN,NaN,NaN,NaN,NaN,NaN,NaN,NaN,NaN,0.385872452,4.56493005,-0.184711087,1
176239,NaN,NaN,NaN,NaN,NaN,NaN,NaN,NaN,NaN,0.552344512,4.611006472,0.050529511,4
176441,NaN,NaN,NaN,NaN,NaN,NaN,NaN,NaN,NaN,0.483718105,4.623875917,-0.111623023,3
176542,NaN,NaN,NaN,NaN,NaN,NaN,NaN,NaN,NaN,0.480906299,4.541024316,-0.095799722,3
176744,NaN,NaN,NaN,NaN,NaN,NaN,NaN,NaN,NaN,0.552890349,4.576449752,0.004535415,4
176845,NaN,NaN,NaN,NaN,NaN,NaN,NaN,NaN,NaN,0.634881218,4.505442066,0.250581551,5
177140,NaN,NaN,NaN,NaN,NaN,NaN,NaN,NaN,NaN,0.509314352,4.56287538,-0.080677168,3
177241,NaN,NaN,NaN,NaN,NaN,NaN,NaN,NaN,NaN,0.639846286,4.512743251,0.238740181,5
177645,NaN,NaN,NaN,NaN,NaN,NaN,NaN,NaN,NaN,0.450827896,4.500409975,-0.160732889,2
177746,NaN,NaN,NaN,NaN,NaN,NaN,NaN,NaN,NaN,0.516036679,4.581347607,-0.017137604,4
178142,NaN,NaN,NaN,NaN,NaN,NaN,NaN,NaN,NaN,0.463342815,4.563008426,-0.136137312,3
178243,NaN,NaN,NaN,NaN,NaN,NaN,NaN,NaN,NaN,0.516416876,4.544249473,-0.018468525,4
178748,NaN,NaN,NaN,NaN,NaN,NaN,NaN,NaN,NaN,0.51373291,4.611206123,-0.031730766,3
178849,NaN,NaN,NaN,NaN,NaN,NaN,NaN,NaN,NaN,0.612060604,4.462349166,0.129911124,5
178950,NaN,NaN,NaN,NaN,NaN,NaN,NaN,NaN,NaN,0.464883557,4.509630557,-0.134226039,3
179245,NaN,NaN,NaN,NaN,NaN,NaN,NaN,NaN,NaN,0.595458384,4.437570064,0.097834525,5
179346,NaN,NaN,NaN,NaN,NaN,NaN,NaN,NaN,NaN,0.421673789,4.530307495,-0.190460546,2
180129,NaN,NaN,NaN,NaN,NaN,NaN,NaN,NaN,NaN,0.557938013,4.565068425,0.026814961,4
180230,NaN,NaN,NaN,NaN,NaN,NaN,NaN,NaN,NaN,0.472622412,4.589733016,-0.1007003,3
180432,NaN,NaN,NaN,NaN,NaN,NaN,NaN,NaN,NaN,0.508926156,4.528463766,-0.113288914,3
180533,NaN,NaN,NaN,NaN,NaN,NaN,NaN,NaN,NaN,0.444709647,4.511691791,-0.194000491,2
180735,NaN,NaN,NaN,NaN,NaN,NaN,NaN,NaN,NaN,0.494406704,4.648033099,-0.023415761,3
180836,NaN,NaN,NaN,NaN,NaN,NaN,NaN,NaN,NaN,0.509225738,4.626266673,-0.111611726,3
180937,NaN,NaN,NaN,NaN,NaN,NaN,NaN,NaN,NaN,0.460936148,4.588531934,-0.104200574,3
181131,NaN,NaN,NaN,NaN,NaN,NaN,NaN,NaN,NaN,0.476603263,4.592327348,-0.079491778,3
181232,NaN,NaN,NaN,NaN,NaN,NaN,NaN,NaN,NaN,0.352169164,4.366894357,-0.374730423,1
181636,NaN,NaN,NaN,NaN,NaN,NaN,NaN,NaN,NaN,0.576996829,4.492643014,-0.019187538,4
182032,NaN,NaN,NaN,NaN,NaN,NaN,NaN,NaN,NaN,0.497891828,4.569503037,-0.069099507,3
182436,NaN,NaN,NaN,NaN,NaN,NaN,NaN,NaN,NaN,0.484351451,4.469367503,-0.146349046,3
182739,NaN,NaN,NaN,NaN,NaN,NaN,NaN,NaN,NaN,0.43363089,4.446937111,-0.202873315,2
182840,NaN,NaN,NaN,NaN,NaN,NaN,NaN,NaN,NaN,0.449295227,4.635328314,-0.19989047,2
183034,NaN,NaN,NaN,NaN,NaN,NaN,NaN,NaN,NaN,0.492339124,4.535532567,-0.068467914,3
185038,NaN,NaN,NaN,NaN,NaN,NaN,NaN,NaN,NaN,0.55771633,4.488275573,0.009160597,4
185139,NaN,NaN,NaN,NaN,NaN,NaN,NaN,NaN,NaN,0.46248925,4.622159312,-0.130413041,3
185341,NaN,NaN,NaN,NaN,NaN,NaN,NaN,NaN,NaN,0.422589477,4.548491455,-0.239233569,2
185442,NaN,NaN,NaN,NaN,NaN,NaN,NaN,NaN,NaN,0.456338404,4.501559498,-0.183526755,2
185846,NaN,NaN,NaN,NaN,NaN,NaN,NaN,NaN,NaN,0.577495276,4.586705745,0.122514922,4
185947,NaN,NaN,NaN,NaN,NaN,NaN,NaN,NaN,NaN,0.421086395,4.46284014,-0.235859858,2
186040,NaN,NaN,NaN,NaN,NaN,NaN,NaN,NaN,NaN,0.475153483,4.511063186,-0.160545674,3
186141,NaN,NaN,NaN,NaN,NaN,NaN,NaN,NaN,NaN,0.504083696,4.584881989,-0.083618433,3
186444,NaN,NaN,NaN,NaN,NaN,NaN,NaN,NaN,NaN,0.502983419,4.663222858,-0.054779642,3
186545,NaN,NaN,NaN,NaN,NaN,NaN,NaN,NaN,NaN,0.597728482,4.443881068,0.130439599,5
186848,NaN,NaN,NaN,NaN,NaN,NaN,NaN,NaN,NaN,0.471676745,4.616272492,-0.157923528,3
187143,NaN,NaN,NaN,NaN,NaN,NaN,NaN,NaN,NaN,0.638987261,4.395411804,0.235656646,5
187345,NaN,NaN,NaN,NaN,NaN,NaN,NaN,NaN,NaN,0.498406001,4.520429182,-0.076840758,3
187547,NaN,NaN,NaN,NaN,NaN,NaN,NaN,NaN,NaN,0.500573876,4.613727934,-0.03290322,3
187850,NaN,NaN,NaN,NaN,NaN,NaN,NaN,NaN,NaN,0.532173627,4.505315502,-0.062360575,4
188145,NaN,NaN,NaN,NaN,NaN,NaN,NaN,NaN,NaN,0.476244015,4.525808452,-0.129380935,3
188347,NaN,NaN,NaN,NaN,NaN,NaN,NaN,NaN,NaN,0.586359488,4.538770496,0.127072196,5
188448,NaN,NaN,NaN,NaN,NaN,NaN,NaN,NaN,NaN,0.456956823,4.529135028,-0.165094486,2
188549,NaN,NaN,NaN,NaN,NaN,NaN,NaN,NaN,NaN,0.543373065,4.550454432,0.022989316,4
188751,NaN,NaN,NaN,NaN,NaN,NaN,NaN,NaN,NaN,0.559359558,4.633525463,0.08064028,4
189349,NaN,NaN,NaN,NaN,NaN,NaN,NaN,NaN,NaN,0.438294963,4.616153731,-0.185310008,2
189450,NaN,NaN,NaN,NaN,NaN,NaN,NaN,NaN,NaN,0.559153007,4.559815398,0.039474602,4
189652,NaN,NaN,NaN,NaN,NaN,NaN,NaN,NaN,NaN,0.435246424,4.48733939,-0.209802129,2
190031,NaN,NaN,NaN,NaN,NaN,NaN,NaN,NaN,NaN,0.656462426,4.230432559,0.270481019,5
191033,NaN,NaN,NaN,NaN,NaN,NaN,NaN,NaN,NaN,0.429409974,4.584791043,-0.163601572,2
191235,NaN,NaN,NaN,NaN,NaN,NaN,NaN,NaN,NaN,0.593344662,4.539280843,0.043659347,5
191336,NaN,NaN,NaN,NaN,NaN,NaN,NaN,NaN,NaN,0.55182299,4.494121749,0.068414657,4
191437,NaN,NaN,NaN,NaN,NaN,NaN,NaN,NaN,NaN,0.461527589,4.513657682,-0.224592289,3
191841,NaN,NaN,NaN,NaN,NaN,NaN,NaN,NaN,NaN,0.394623034,4.466655187,-0.259496065,2
191942,NaN,NaN,NaN,NaN,NaN,NaN,NaN,NaN,NaN,0.561197782,4.545833959,0.033276257,4
192035,NaN,NaN,NaN,NaN,NaN,NaN,NaN,NaN,NaN,0.329986264,4.325674021,-0.235265873,1
192136,NaN,NaN,NaN,NaN,NaN,NaN,NaN,NaN,NaN,0.497503553,4.547823023,-0.047850259,3
192237,NaN,NaN,NaN,NaN,NaN,NaN,NaN,NaN,NaN,0.426201693,4.486005225,-0.193779842,2
192439,NaN,NaN,NaN,NaN,NaN,NaN,NaN,NaN,NaN,0.511873184,4.480874395,-0.075677513,3
192540,NaN,NaN,NaN,NaN,NaN,NaN,NaN,NaN,NaN,0.527323367,4.64089032,-0.063506124,4
192641,NaN,NaN,NaN,NaN,NaN,NaN,NaN,NaN,NaN,0.490409879,4.530705248,-0.101644979,3
192843,NaN,NaN,NaN,NaN,NaN,NaN,NaN,NaN,NaN,0.5232426,4.643459991,-0.037248898,4
193239,NaN,NaN,NaN,NaN,NaN,NaN,NaN,NaN,NaN,0.488656346,4.603482395,-0.069825826,3
193845,NaN,NaN,NaN,NaN,NaN,NaN,NaN,NaN,NaN,0.533287443,4.485545367,-0.041024557,4
194140,NaN,NaN,NaN,NaN,NaN,NaN,NaN,NaN,NaN,0.5654095,4.576773945,0.01723929,4
194443,NaN,NaN,NaN,NaN,NaN,NaN,NaN,NaN,NaN,0.485971111,4.578556752,-0.09736674,3
194645,NaN,NaN,NaN,NaN,NaN,NaN,NaN,NaN,NaN,0.609293001,4.503831248,0.151569992,5
194746,NaN,NaN,NaN,NaN,NaN,NaN,NaN,NaN,NaN,0.444493027,4.556781546,-0.283028259,2
194847,NaN,NaN,NaN,NaN,NaN,NaN,NaN,NaN,NaN,0.390052592,4.48425395,-0.268971204,2
195041,NaN,NaN,NaN,NaN,NaN,NaN,NaN,NaN,NaN,0.340694419,4.315844456,-0.381442044,1
195445,NaN,NaN,NaN,NaN,NaN,NaN,NaN,NaN,NaN,0.563736194,4.560980283,0.018511858,4
195647,NaN,NaN,NaN,NaN,NaN,NaN,NaN,NaN,NaN,0.393717529,4.460151955,-0.276102044,2
195849,NaN,NaN,NaN,NaN,NaN,NaN,NaN,NaN,NaN,0.431482777,4.595327716,-0.126049234,2
195950,NaN,NaN,NaN,NaN,NaN,NaN,NaN,NaN,NaN,0.340747698,4.265862485,-0.369434587,1
196144,NaN,NaN,NaN,NaN,NaN,NaN,NaN,NaN,NaN,0.466650945,4.496991012,-0.113206892,3
196346,NaN,NaN,NaN,NaN,NaN,NaN,NaN,NaN,NaN,0.566502408,4.512133411,0.08889537,4
196750,NaN,NaN,NaN,NaN,NaN,NaN,NaN,NaN,NaN,0.447526158,4.640772294,-0.11302049,2
197348,NaN,NaN,NaN,NaN,NaN,NaN,NaN,NaN,NaN,0.471874892,4.549520708,-0.155571837,3
197550,NaN,NaN,NaN,NaN,NaN,NaN,NaN,NaN,NaN,0.428564915,4.522852465,-0.245162927,2
198047,NaN,NaN,NaN,NaN,NaN,NaN,NaN,NaN,NaN,0.636127392,4.444927128,0.086291699,5
198249,NaN,NaN,NaN,NaN,NaN,NaN,NaN,NaN,NaN,0.581893704,4.428109335,0.091592378,5
198350,NaN,NaN,NaN,NaN,NaN,NaN,NaN,NaN,NaN,0.651124117,4.404849696,0.149291546,5
198451,NaN,NaN,NaN,NaN,NaN,NaN,NaN,NaN,NaN,0.410076458,4.571209769,-0.298301551,2
198653,NaN,NaN,NaN,NaN,NaN,NaN,NaN,NaN,NaN,0.604761424,4.469991938,0.12453381,5
198855,NaN,NaN,NaN,NaN,NaN,NaN,NaN,NaN,NaN,0.48881019,4.580552375,-0.040025649,3
199150,NaN,NaN,NaN,NaN,NaN,NaN,NaN,NaN,NaN,0.490038592,4.617518711,-0.113004803,3
199251,NaN,NaN,NaN,NaN,NaN,NaN,NaN,NaN,NaN,0.437849351,4.554427104,-0.262212734,2
199352,NaN,NaN,NaN,NaN,NaN,NaN,NaN,NaN,NaN,0.515199882,4.554783934,-0.016708741,4
199453,NaN,NaN,NaN,NaN,NaN,NaN,NaN,NaN,NaN,0.651716603,4.412153444,0.228895333,5
199655,NaN,NaN,NaN,NaN,NaN,NaN,NaN,NaN,NaN,0.44728486,4.595347131,-0.039126153,2
199958,NaN,NaN,NaN,NaN,NaN,NaN,NaN,NaN,NaN,0.556240685,4.634552755,0.046422938,4
200008,NaN,NaN,NaN,NaN,NaN,NaN,NaN,NaN,NaN,0.442209347,4.501766873,-0.172949579,2
200109,NaN,NaN,NaN,NaN,NaN,NaN,NaN,NaN,NaN,0.521938675,4.576096058,0.018161138,4
200311,NaN,NaN,NaN,NaN,NaN,NaN,NaN,NaN,NaN,0.479748559,4.49336038,-0.144620172,3
200513,NaN,NaN,NaN,NaN,NaN,NaN,NaN,NaN,NaN,0.479224941,4.59578875,-0.042766521,3
200614,NaN,NaN,NaN,NaN,NaN,NaN,NaN,NaN,NaN,0.629790038,4.436860336,0.206957741,5
200917,NaN,NaN,NaN,NaN,NaN,NaN,NaN,NaN,NaN,0.686897116,4.306632057,0.249689898,5
201111,NaN,NaN,NaN,NaN,NaN,NaN,NaN,NaN,NaN,0.49793509,4.614781058,-0.022689431,3
201414,NaN,NaN,NaN,NaN,NaN,NaN,NaN,NaN,NaN,0.629736301,4.416603757,0.1342037,5
201515,NaN,NaN,NaN,NaN,NaN,NaN,NaN,NaN,NaN,0.603325367,4.565463257,0.036620734,5
201818,NaN,NaN,NaN,NaN,NaN,NaN,NaN,NaN,NaN,0.332427743,4.277833048,-0.360568109,1
202113,NaN,NaN,NaN,NaN,NaN,NaN,NaN,NaN,NaN,0.552796001,4.678099479,0.060624772,4
202719,NaN,NaN,NaN,NaN,NaN,NaN,NaN,NaN,NaN,0.431281162,4.490750622,-0.184473865,2
203418,NaN,NaN,NaN,NaN,NaN,NaN,NaN,NaN,NaN,0.506242565,4.56988853,-0.097758017,3
203923,NaN,NaN,NaN,NaN,NaN,NaN,NaN,NaN,NaN,0.631402793,4.457336787,0.185336628,5
204016,NaN,NaN,NaN,NaN,NaN,NaN,NaN,NaN,NaN,0.429125358,4.48914802,-0.261768023,2
204218,NaN,NaN,NaN,NaN,NaN,NaN,NaN,NaN,NaN,0.347563365,4.305513244,-0.250114361,1
204319,NaN,NaN,NaN,NaN,NaN,NaN,NaN,NaN,NaN,0.598623436,4.557132024,0.116562228,5
204420,NaN,NaN,NaN,NaN,NaN,NaN,NaN,NaN,NaN,0.454899025,4.560375975,-0.113519805,2
204521,NaN,NaN,NaN,NaN,NaN,NaN,NaN,NaN,NaN,0.3333073,4.258053948,-0.375180863,1
204622,NaN,NaN,NaN,NaN,NaN,NaN,NaN,NaN,NaN,0.455183355,4.614262156,-0.201580808,2
205119,NaN,NaN,NaN,NaN,NaN,NaN,NaN,NaN,NaN,0.531044875,4.649116599,-0.10566596,4
205220,NaN,NaN,NaN,NaN,NaN,NaN,NaN,NaN,NaN,0.517607733,4.468268936,-0.059318986,4
205725,NaN,NaN,NaN,NaN,NaN,NaN,NaN,NaN,NaN,0.407177567,4.446555037,-0.238041886,2
205826,NaN,NaN,NaN,NaN,NaN,NaN,NaN,NaN,NaN,0.454761778,4.512037812,-0.216798059,2
206222,NaN,NaN,NaN,NaN,NaN,NaN,NaN,NaN,NaN,0.536835743,4.66683356,0.01399123,4
206323,NaN,NaN,NaN,NaN,NaN,NaN,NaN,NaN,NaN,0.40857648,4.388225536,-0.266478598,2
206525,NaN,NaN,NaN,NaN,NaN,NaN,NaN,NaN,NaN,0.630635649,4.504636166,0.180362307,5
206727,NaN,NaN,NaN,NaN,NaN,NaN,NaN,NaN,NaN,0.487158058,4.670761167,-0.114279581,3
206828,NaN,NaN,NaN,NaN,NaN,NaN,NaN,NaN,NaN,0.469114023,4.555478565,-0.082576016,3
206929,NaN,NaN,NaN,NaN,NaN,NaN,NaN,NaN,NaN,0.52914111,4.587093947,-0.120804135,4
207123,NaN,NaN,NaN,NaN,NaN,NaN,NaN,NaN,NaN,0.533391658,4.653953974,0.026683827,4
207426,NaN,NaN,NaN,NaN,NaN,NaN,NaN,NaN,NaN,0.522761996,4.599639394,-0.031498952,4
208024,NaN,NaN,NaN,NaN,NaN,NaN,NaN,NaN,NaN,0.509973195,4.618778551,-0.035275653,3
208125,NaN,NaN,NaN,NaN,NaN,NaN,NaN,NaN,NaN,0.421332421,4.464995069,-0.194456903,2
208226,NaN,NaN,NaN,NaN,NaN,NaN,NaN,NaN,NaN,0.521614023,4.594947586,-0.058042354,4
208327,NaN,NaN,NaN,NaN,NaN,NaN,NaN,NaN,NaN,0.376162207,4.423260683,-0.332778523,1
208630,NaN,NaN,NaN,NaN,NaN,NaN,NaN,NaN,NaN,0.594265776,4.459761856,0.088285185,5
209127,NaN,NaN,NaN,NaN,NaN,NaN,NaN,NaN,NaN,0.444453244,4.499990891,-0.214380989,2
209228,NaN,NaN,NaN,NaN,NaN,NaN,NaN,NaN,NaN,0.365696473,4.445090396,-0.304426034,1
209329,NaN,NaN,NaN,NaN,NaN,NaN,NaN,NaN,NaN,0.386374463,4.407934012,-0.280889892,1
209834,NaN,NaN,NaN,NaN,NaN,NaN,NaN,NaN,NaN,0.348639744,4.387093164,-0.414553771,1
209935,NaN,NaN,NaN,NaN,NaN,NaN,NaN,NaN,NaN,0.414953438,4.518549476,-0.268411599,2
210011,NaN,NaN,NaN,NaN,NaN,NaN,NaN,NaN,NaN,0.411700496,4.52810333,-0.22384443,2
210112,NaN,NaN,NaN,NaN,NaN,NaN,NaN,NaN,NaN,0.592354447,4.504351322,0.132226453,5
210415,NaN,NaN,NaN,NaN,NaN,NaN,NaN,NaN,NaN,0.515928535,4.630290887,-0.039881501,4
210617,NaN,NaN,NaN,NaN,NaN,NaN,NaN,NaN,NaN,0.494045351,4.524468041,-0.133231754,3
211114,NaN,NaN,NaN,NaN,NaN,NaN,NaN,NaN,NaN,0.44624666,4.472423366,-0.230518794,2
211215,NaN,NaN,NaN,NaN,NaN,NaN,NaN,NaN,NaN,0.569320647,4.460642024,0.112307423,4
211316,NaN,NaN,NaN,NaN,NaN,NaN,NaN,NaN,NaN,0.451686895,4.687943818,-0.090804026,2
211417,NaN,NaN,NaN,NaN,NaN,NaN,NaN,NaN,NaN,0.401146789,4.416192352,-0.287830025,2
211619,NaN,NaN,NaN,NaN,NaN,NaN,NaN,NaN,NaN,0.56134202,4.489911371,0.014408961,4
211720,NaN,NaN,NaN,NaN,NaN,NaN,NaN,NaN,NaN,0.583733421,4.517784425,0.055649514,5
211821,NaN,NaN,NaN,NaN,NaN,NaN,NaN,NaN,NaN,0.445341322,4.507711455,-0.190775022,2
211922,NaN,NaN,NaN,NaN,NaN,NaN,NaN,NaN,NaN,0.462902689,4.634898983,-0.202401338,3
212015,NaN,NaN,NaN,NaN,NaN,NaN,NaN,NaN,NaN,0.557627777,4.662763679,0.061348136,4
212116,NaN,NaN,NaN,NaN,NaN,NaN,NaN,NaN,NaN,0.465598872,4.545972734,-0.121903855,3
212217,NaN,NaN,NaN,NaN,NaN,NaN,NaN,NaN,NaN,0.345398301,4.330914743,-0.390826816,1
212318,NaN,NaN,NaN,NaN,NaN,NaN,NaN,NaN,NaN,0.37040901,4.406928989,-0.268412178,1
212419,NaN,NaN,NaN,NaN,NaN,NaN,NaN,NaN,NaN,0.444700738,4.579543306,-0.138655521,2
212823,NaN,NaN,NaN,NaN,NaN,NaN,NaN,NaN,NaN,0.560169752,4.560741072,0.046871645,4
213017,NaN,NaN,NaN,NaN,NaN,NaN,NaN,NaN,NaN,0.501613361,4.579548499,-0.135928333,3
213421,NaN,NaN,NaN,NaN,NaN,NaN,NaN,NaN,NaN,0.524976186,4.630031028,-0.029194048,4
213522,NaN,NaN,NaN,NaN,NaN,NaN,NaN,NaN,NaN,0.473195183,4.527669845,-0.049175358,3
214019,NaN,NaN,NaN,NaN,NaN,NaN,NaN,NaN,NaN,0.408800687,4.49235839,-0.206773606,2
214221,NaN,NaN,NaN,NaN,NaN,NaN,NaN,NaN,NaN,0.543634844,4.6640227,0.016428884,4
214423,NaN,NaN,NaN,NaN,NaN,NaN,NaN,NaN,NaN,0.666635673,4.270920912,0.202311374,5
214524,NaN,NaN,NaN,NaN,NaN,NaN,NaN,NaN,NaN,0.427383109,4.447746129,-0.253560064,2
214625,NaN,NaN,NaN,NaN,NaN,NaN,NaN,NaN,NaN,0.48333465,4.550197077,-0.109638926,3
214726,NaN,NaN,NaN,NaN,NaN,NaN,NaN,NaN,NaN,0.503713322,4.617562038,-0.059273974,3
217126,NaN,NaN,NaN,NaN,NaN,NaN,NaN,NaN,NaN,0.480184484,4.610405374,-0.153843584,3
217429,NaN,NaN,NaN,NaN,NaN,NaN,NaN,NaN,NaN,0.497630522,4.532445225,-0.020173989,3
219231,NaN,NaN,NaN,NaN,NaN,NaN,NaN,NaN,NaN,0.462016331,4.511718397,-0.189896776,3
220721,NaN,NaN,NaN,NaN,NaN,NaN,NaN,NaN,NaN,0.517730292,4.604263049,-0.000102576,4
221319,NaN,NaN,NaN,NaN,NaN,NaN,NaN,NaN,NaN,0.493596504,4.513298326,5e-05,3
223929,NaN,NaN,NaN,NaN,NaN,NaN,NaN,NaN,NaN,0.604222731,4.49553709,0.032910475,5
224022,NaN,NaN,NaN,NaN,NaN,NaN,NaN,NaN,NaN,0.366540358,4.346994715,-0.343344722,1
227432,NaN,NaN,NaN,NaN,NaN,NaN,NaN,NaN,NaN,0.442017461,4.574519088,-0.304371926,2
227533,NaN,NaN,NaN,NaN,NaN,NaN,NaN,NaN,NaN,0.445240061,4.498771745,-0.187762859,2
228434,NaN,NaN,NaN,NaN,NaN,NaN,NaN,NaN,NaN,0.518753902,4.694526501,0.017425617,4
231928,NaN,NaN,NaN,NaN,NaN,NaN,NaN,NaN,NaN,0.466887499,4.528466625,-0.206914519,3
233326,NaN,NaN,NaN,NaN,NaN,NaN,NaN,NaN,NaN,0.474535427,4.609806429,-0.146025784,3
237334,NaN,NaN,NaN,NaN,NaN,NaN,NaN,NaN,NaN,0.471589158,4.593227711,-0.114229285,3
238033,NaN,NaN,NaN,NaN,NaN,NaN,NaN,NaN,NaN,0.51547469,4.525474897,-0.077348647,4
239136,NaN,NaN,NaN,NaN,NaN,NaN,NaN,NaN,NaN,0.435521149,4.451045579,-0.259403307,2
239944,NaN,NaN,NaN,NaN,NaN,NaN,NaN,NaN,NaN,0.380373497,4.451633478,-0.235821211,1
245333,NaN,NaN,NaN,NaN,NaN,NaN,NaN,NaN,NaN,0.449072414,4.572044527,-0.215642895,2
246133,NaN,NaN,NaN,NaN,NaN,NaN,NaN,NaN,NaN,0.431488742,4.561760681,-0.209637093,2
248339,NaN,NaN,NaN,NaN,NaN,NaN,NaN,NaN,NaN,0.582721393,4.630488673,0.094724393,5
249947,NaN,NaN,NaN,NaN,NaN,NaN,NaN,NaN,NaN,0.40315338,4.570863078,-0.15818955,2
250427,NaN,NaN,NaN,NaN,NaN,NaN,NaN,NaN,NaN,0.46269529,4.54725124,-0.159323659,3
250932,NaN,NaN,NaN,NaN,NaN,NaN,NaN,NaN,NaN,0.410011997,4.492443909,-0.23186564,2
251833,NaN,NaN,NaN,NaN,NaN,NaN,NaN,NaN,NaN,0.466267397,4.601428925,-0.080343695,3
255639,NaN,NaN,NaN,NaN,NaN,NaN,NaN,NaN,NaN,0.497107751,4.52753511,-0.05179968,3
255740,NaN,NaN,NaN,NaN,NaN,NaN,NaN,NaN,NaN,0.384725328,4.44343586,-0.378830666,1
256540,NaN,NaN,NaN,NaN,NaN,NaN,NaN,NaN,NaN,0.441443543,4.50505756,-0.196959834,2
257542,NaN,NaN,NaN,NaN,NaN,NaN,NaN,NaN,NaN,0.372426818,4.467286017,-0.258037048,1
257845,NaN,NaN,NaN,NaN,NaN,NaN,NaN,NaN,NaN,0.424454604,4.573773969,-0.168462964,2
257946,NaN,NaN,NaN,NaN,NaN,NaN,NaN,NaN,NaN,0.483526568,4.586926148,-0.145496929,3
263436,NaN,NaN,NaN,NaN,NaN,NaN,NaN,NaN,NaN,0.57725984,4.409587527,0.050030385,4
268749,NaN,NaN,NaN,NaN,NaN,NaN,NaN,NaN,NaN,0.517047848,4.596892553,-0.001788091,4
268850,NaN,NaN,NaN,NaN,NaN,NaN,NaN,NaN,NaN,0.535048676,4.645455173,0.037118665,4
270332,NaN,NaN,NaN,NaN,NaN,NaN,NaN,NaN,NaN,0.530148903,4.659258068,0.02494143,4
274542,NaN,NaN,NaN,NaN,NaN,NaN,NaN,NaN,NaN,0.528583066,4.561151505,0.003284289,4
275645,NaN,NaN,NaN,NaN,NaN,NaN,NaN,NaN,NaN,0.624575966,4.48657366,0.241108114,5
280739,NaN,NaN,NaN,NaN,NaN,NaN,NaN,NaN,NaN,0.433586765,4.651312354,-0.184326712,2
280941,NaN,NaN,NaN,NaN,NaN,NaN,NaN,NaN,NaN,0.373035592,4.451086368,-0.276175386,1
281135,NaN,NaN,NaN,NaN,NaN,NaN,NaN,NaN,NaN,0.521273523,4.597446172,-0.014146035,4
283543,NaN,NaN,NaN,NaN,NaN,NaN,NaN,NaN,NaN,0.504511717,4.558771454,-0.147904041,3
285345,NaN,NaN,NaN,NaN,NaN,NaN,NaN,NaN,NaN,0.379619777,4.338487261,-0.283392399,1
285446,NaN,NaN,NaN,NaN,NaN,NaN,NaN,NaN,NaN,0.525304824,4.502196853,-0.010349523,4
286347,NaN,NaN,NaN,NaN,NaN,NaN,NaN,NaN,NaN,0.499650582,4.621579532,-0.074688151,3
286650,NaN,NaN,NaN,NaN,NaN,NaN,NaN,NaN,NaN,0.461489722,4.561555568,-0.124494295,3
287248,NaN,NaN,NaN,NaN,NaN,NaN,NaN,NaN,NaN,0.596105702,4.561458466,0.148391903,5
289555,NaN,NaN,NaN,NaN,NaN,NaN,NaN,NaN,NaN,0.565040737,4.644407022,0.085884601,4
290136,NaN,NaN,NaN,NaN,NaN,NaN,NaN,NaN,NaN,0.321157408,4.267366961,-0.384405852,1
293748,NaN,NaN,NaN,NaN,NaN,NaN,NaN,NaN,NaN,0.41609029,4.441327383,-0.18852554,2
295146,NaN,NaN,NaN,NaN,NaN,NaN,NaN,NaN,NaN,0.395807576,4.510766353,-0.288016655,2
297655,NaN,NaN,NaN,NaN,NaN,NaN,NaN,NaN,NaN,0.522906677,4.618697863,-0.044815384,4
298051,NaN,NaN,NaN,NaN,NaN,NaN,NaN,NaN,NaN,0.54896332,4.523931237,0.007513387,4
298455,NaN,NaN,NaN,NaN,NaN,NaN,NaN,NaN,NaN,0.540452473,4.46914038,-0.035600778,4
299154,NaN,NaN,NaN,NaN,NaN,NaN,NaN,NaN,NaN,0.496224058,4.592575578,-0.062126283,3
299760,NaN,NaN,NaN,NaN,NaN,NaN,NaN,NaN,NaN,0.617178248,4.511320554,0.121631294,5
300618,NaN,NaN,NaN,NaN,NaN,NaN,NaN,NaN,NaN,0.539286107,4.521872022,0.046014026,4
300719,NaN,NaN,NaN,NaN,NaN,NaN,NaN,NaN,NaN,0.507500891,4.582467453,-0.117136668,3
303119,NaN,NaN,NaN,NaN,NaN,NaN,NaN,NaN,NaN,0.556591212,4.522488892,0.014962081,4
303624,NaN,NaN,NaN,NaN,NaN,NaN,NaN,NaN,NaN,0.698084252,4.252682423,0.304130104,5
304020,NaN,NaN,NaN,NaN,NaN,NaN,NaN,NaN,NaN,0.567520862,4.428863926,0.045450793,4
304727,NaN,NaN,NaN,NaN,NaN,NaN,NaN,NaN,NaN,0.512250265,4.628073839,-0.086373526,3
305830,NaN,NaN,NaN,NaN,NaN,NaN,NaN,NaN,NaN,0.457656403,4.542237878,-0.097306714,2
307127,NaN,NaN,NaN,NaN,NaN,NaN,NaN,NaN,NaN,0.550724943,4.49254542,0.049637551,4
308129,NaN,NaN,NaN,NaN,NaN,NaN,NaN,NaN,NaN,0.5459358,4.656134487,-0.076983224,4
308331,NaN,NaN,NaN,NaN,NaN,NaN,NaN,NaN,NaN,0.623502087,4.330479591,0.129124025,5
309636,NaN,NaN,NaN,NaN,NaN,NaN,NaN,NaN,NaN,0.392181372,4.429727628,-0.261240436,2
310621,NaN,NaN,NaN,NaN,NaN,NaN,NaN,NaN,NaN,0.411307613,4.495078956,-0.21636946,2
311320,NaN,NaN,NaN,NaN,NaN,NaN,NaN,NaN,NaN,0.640544305,4.451306296,0.213377772,5
314225,NaN,NaN,NaN,NaN,NaN,NaN,NaN,NaN,NaN,0.53548819,4.527580369,-0.070149092,4
316633,NaN,NaN,NaN,NaN,NaN,NaN,NaN,NaN,NaN,0.415356358,4.61291496,-0.161980744,2
316835,NaN,NaN,NaN,NaN,NaN,NaN,NaN,NaN,NaN,0.541163679,4.571212473,0.024702249,4
318637,NaN,NaN,NaN,NaN,NaN,NaN,NaN,NaN,NaN,0.50807885,4.627708769,-0.027040669,3
320826,NaN,NaN,NaN,NaN,NaN,NaN,NaN,NaN,NaN,0.479936342,4.522216782,-0.186796035,3
321323,NaN,NaN,NaN,NaN,NaN,NaN,NaN,NaN,NaN,0.548478616,4.642026343,0.056376692,4
322224,NaN,NaN,NaN,NaN,NaN,NaN,NaN,NaN,NaN,0.572072756,4.52713127,0.090693856,4
325129,NaN,NaN,NaN,NaN,NaN,NaN,NaN,NaN,NaN,0.61321418,4.505191023,0.071985869,5
329440,NaN,NaN,NaN,NaN,NaN,NaN,NaN,NaN,NaN,0.442627616,4.61135662,-0.192729143,2
329844,NaN,NaN,NaN,NaN,NaN,NaN,NaN,NaN,NaN,0.471112833,4.629712434,-0.105044486,3
330324,NaN,NaN,NaN,NaN,NaN,NaN,NaN,NaN,NaN,0.444071967,4.534126978,-0.163609076,2
333330,NaN,NaN,NaN,NaN,NaN,NaN,NaN,NaN,NaN,0.38357635,4.536396749,-0.198398468,1
334635,NaN,NaN,NaN,NaN,NaN,NaN,NaN,NaN,NaN,0.597827939,4.362484929,0.109958997,5
336841,NaN,NaN,NaN,NaN,NaN,NaN,NaN,NaN,NaN,0.533352407,4.574944525,0.010280276,4
339847,NaN,NaN,NaN,NaN,NaN,NaN,NaN,NaN,NaN,0.478343501,4.490904098,-0.134968188,3
341834,NaN,NaN,NaN,NaN,NaN,NaN,NaN,NaN,NaN,0.471246628,4.514072089,-0.075652914,3
342129,NaN,NaN,NaN,NaN,NaN,NaN,NaN,NaN,NaN,0.573365592,4.59595487,0.058546198,4
346137,NaN,NaN,NaN,NaN,NaN,NaN,NaN,NaN,NaN,0.617056591,4.380448688,0.194960074,5
346945,NaN,NaN,NaN,NaN,NaN,NaN,NaN,NaN,NaN,0.414037055,4.512422907,-0.248357965,2
348545,NaN,NaN,NaN,NaN,NaN,NaN,NaN,NaN,NaN,0.545174093,4.508053437,0.037390658,4
349244,NaN,NaN,NaN,NaN,NaN,NaN,NaN,NaN,NaN,0.54371535,4.594540622,-0.023672722,4
350330,NaN,NaN,NaN,NaN,NaN,NaN,NaN,NaN,NaN,0.391050124,4.467112267,-0.227510729,2
352132,NaN,NaN,NaN,NaN,NaN,NaN,NaN,NaN,NaN,0.525126707,4.67660705,0.000864198,4
352738,NaN,NaN,NaN,NaN,NaN,NaN,NaN,NaN,NaN,0.43704574,4.584918696,-0.12083843,2
353740,NaN,NaN,NaN,NaN,NaN,NaN,NaN,NaN,NaN,0.592372001,4.630079555,0.186666701,5
356948,NaN,NaN,NaN,NaN,NaN,NaN,NaN,NaN,NaN,0.466973131,4.502761054,-0.12500932,3
358144,NaN,NaN,NaN,NaN,NaN,NaN,NaN,NaN,NaN,0.534187873,4.584807609,0.024132716,4
360030,NaN,NaN,NaN,NaN,NaN,NaN,NaN,NaN,NaN,0.419748158,4.60408021,-0.254838232,2
361234,NaN,NaN,NaN,NaN,NaN,NaN,NaN,NaN,NaN,0.455079933,4.615888949,-0.077843494,2
361941,NaN,NaN,NaN,NaN,NaN,NaN,NaN,NaN,NaN,0.513330107,4.64953676,-0.105220861,3
365343,NaN,NaN,NaN,NaN,NaN,NaN,NaN,NaN,NaN,0.498924332,4.558194388,-0.069313501,3
366042,NaN,NaN,NaN,NaN,NaN,NaN,NaN,NaN,NaN,0.501367738,4.603352052,-0.065786605,3
366446,NaN,NaN,NaN,NaN,NaN,NaN,NaN,NaN,NaN,0.546378156,4.647639534,0.015499903,4
368551,NaN,NaN,NaN,NaN,NaN,NaN,NaN,NaN,NaN,0.392457187,4.444056406,-0.231860536,2
368753,NaN,NaN,NaN,NaN,NaN,NaN,NaN,NaN,NaN,0.505750014,4.554711993,-0.028669515,3
371843,NaN,NaN,NaN,NaN,NaN,NaN,NaN,NaN,NaN,0.458414107,4.547386489,-0.190163431,2
376247,NaN,NaN,NaN,NaN,NaN,NaN,NaN,NaN,NaN,0.578474663,4.580792697,0.036511424,4
377451,NaN,NaN,NaN,NaN,NaN,NaN,NaN,NaN,NaN,0.66568191,4.391185723,0.242843973,5
378756,NaN,NaN,NaN,NaN,NaN,NaN,NaN,NaN,NaN,0.468397236,4.563946376,-0.091631137,3
378857,NaN,NaN,NaN,NaN,NaN,NaN,NaN,NaN,NaN,0.517473065,4.604027268,-0.024222653,4
379657,NaN,NaN,NaN,NaN,NaN,NaN,NaN,NaN,NaN,0.4747478,4.620103318,-0.115861524,3
380036,NaN,NaN,NaN,NaN,NaN,NaN,NaN,NaN,NaN,0.467758425,4.583680722,-0.145678608,3
381038,NaN,NaN,NaN,NaN,NaN,NaN,NaN,NaN,NaN,0.534580068,4.586938948,-0.02152605,4
381543,NaN,NaN,NaN,NaN,NaN,NaN,NaN,NaN,NaN,0.548945836,4.61526227,0.046635459,4
382242,NaN,NaN,NaN,NaN,NaN,NaN,NaN,NaN,NaN,0.464694854,4.589171307,-0.181745007,3
385046,NaN,NaN,NaN,NaN,NaN,NaN,NaN,NaN,NaN,0.363287697,4.432916272,-0.29446024,1
385450,NaN,NaN,NaN,NaN,NaN,NaN,NaN,NaN,NaN,0.622026798,4.529871317,0.114501255,5
386250,NaN,NaN,NaN,NaN,NaN,NaN,NaN,NaN,NaN,0.564857215,4.606649526,0.078021553,4
387959,NaN,NaN,NaN,NaN,NaN,NaN,NaN,NaN,NaN,0.572924704,4.599683291,0.083681135,4
389357,NaN,NaN,NaN,NaN,NaN,NaN,NaN,NaN,NaN,0.467759647,4.54617624,-0.119511693,3
390645,NaN,NaN,NaN,NaN,NaN,NaN,NaN,NaN,NaN,0.495110175,4.579904412,-0.156220591,3
391748,NaN,NaN,NaN,NaN,NaN,NaN,NaN,NaN,NaN,0.378343161,4.43574069,-0.242273789,1
392447,NaN,NaN,NaN,NaN,NaN,NaN,NaN,NaN,NaN,0.419487477,4.549543938,-0.227019503,2
392750,NaN,NaN,NaN,NaN,NaN,NaN,NaN,NaN,NaN,0.406922333,4.464752843,-0.264302994,2
393550,NaN,NaN,NaN,NaN,NaN,NaN,NaN,NaN,NaN,0.612423007,4.565353048,0.149309969,5
394956,NaN,NaN,NaN,NaN,NaN,NaN,NaN,NaN,NaN,0.483626831,4.515004997,-0.101149072,3
395251,NaN,NaN,NaN,NaN,NaN,NaN,NaN,NaN,NaN,0.527276797,4.547657153,-0.046609098,4
395756,NaN,NaN,NaN,NaN,NaN,NaN,NaN,NaN,NaN,0.585525114,4.549662654,0.109098931,5
395958,NaN,NaN,NaN,NaN,NaN,NaN,NaN,NaN,NaN,0.615863393,4.572372768,0.157054398,5
397154,NaN,NaN,NaN,NaN,NaN,NaN,NaN,NaN,NaN,0.451133216,4.600415287,-0.156290334,2
397760,NaN,NaN,NaN,NaN,NaN,NaN,NaN,NaN,NaN,0.43853418,4.48935995,-0.199571133,2
397861,NaN,NaN,NaN,NaN,NaN,NaN,NaN,NaN,NaN,0.598345412,4.365611593,0.142559161,5
401422,NaN,NaN,NaN,NaN,NaN,NaN,NaN,NaN,NaN,0.475960859,4.561775046,-0.086641654,3
406432,NaN,NaN,NaN,NaN,NaN,NaN,NaN,NaN,NaN,0.48224821,4.603964965,-0.127815485,3
406836,NaN,NaN,NaN,NaN,NaN,NaN,NaN,NaN,NaN,0.461450601,4.623859347,-0.061596718,3
412528,NaN,NaN,NaN,NaN,NaN,NaN,NaN,NaN,NaN,0.546405988,4.571507735,-0.013789329,4
413934,NaN,NaN,NaN,NaN,NaN,NaN,NaN,NaN,NaN,0.43549762,4.583753447,-0.143258509,2
414229,NaN,NaN,NaN,NaN,NaN,NaN,NaN,NaN,NaN,0.640758964,4.369334751,0.233897676,5
415837,NaN,NaN,NaN,NaN,NaN,NaN,NaN,NaN,NaN,0.413394022,4.459484521,-0.275471264,2
419239,NaN,NaN,NaN,NaN,NaN,NaN,NaN,NaN,NaN,0.560507674,4.32704664,-0.027068876,4
421226,NaN,NaN,NaN,NaN,NaN,NaN,NaN,NaN,NaN,0.583535467,4.463206067,0.102457789,5
422632,NaN,NaN,NaN,NaN,NaN,NaN,NaN,NaN,NaN,0.500555219,4.589634372,-0.090118354,3
424939,NaN,NaN,NaN,NaN,NaN,NaN,NaN,NaN,NaN,0.642414278,4.523744443,0.222733157,5
429040,NaN,NaN,NaN,NaN,NaN,NaN,NaN,NaN,NaN,0.303461334,4.13752195,-0.464993413,1
432332,NaN,NaN,NaN,NaN,NaN,NaN,NaN,NaN,NaN,0.420692387,4.468082673,-0.206526518,2
433839,NaN,NaN,NaN,NaN,NaN,NaN,NaN,NaN,NaN,0.479767155,4.56943538,-0.152796386,3
436239,NaN,NaN,NaN,NaN,NaN,NaN,NaN,NaN,NaN,0.362182732,4.354106887,-0.284824761,1
436845,NaN,NaN,NaN,NaN,NaN,NaN,NaN,NaN,NaN,0.664537931,4.402087953,0.236433267,5
441939,NaN,NaN,NaN,NaN,NaN,NaN,NaN,NaN,NaN,0.412254897,4.531434352,-0.256593725,2
445543,NaN,NaN,NaN,NaN,NaN,NaN,NaN,NaN,NaN,0.4716157,4.682550992,-0.030064593,3
448347,NaN,NaN,NaN,NaN,NaN,NaN,NaN,NaN,NaN,0.572240717,4.575200979,0.070925297,4
449753,NaN,NaN,NaN,NaN,NaN,NaN,NaN,NaN,NaN,0.625610179,4.443123902,0.131550008,5
453441,NaN,NaN,NaN,NaN,NaN,NaN,NaN,NaN,NaN,0.725481217,4.081751739,0.340350931,5
453542,NaN,NaN,NaN,NaN,NaN,NaN,NaN,NaN,NaN,0.557463666,4.471494315,0.027447298,4
454140,NaN,NaN,NaN,NaN,NaN,NaN,NaN,NaN,NaN,0.578331323,4.533404418,0.107335318,4
456346,NaN,NaN,NaN,NaN,NaN,NaN,NaN,NaN,NaN,0.372191984,4.365519447,-0.343127816,1
459453,NaN,NaN,NaN,NaN,NaN,NaN,NaN,NaN,NaN,0.307094015,4.220356227,-0.471116882,1
461743,NaN,NaN,NaN,NaN,NaN,NaN,NaN,NaN,NaN,0.499964115,4.605597418,-0.078554827,3
463040,NaN,NaN,NaN,NaN,NaN,NaN,NaN,NaN,NaN,0.507431068,4.505279706,-0.055476127,3
465852,NaN,NaN,NaN,NaN,NaN,NaN,NaN,NaN,NaN,0.530907263,4.554074699,-0.090408547,4
467351,NaN,NaN,NaN,NaN,NaN,NaN,NaN,NaN,NaN,0.570337331,4.508206293,0.043488617,4
468050,NaN,NaN,NaN,NaN,NaN,NaN,NaN,NaN,NaN,0.499871669,4.491700541,-0.105523551,3
469961,NaN,NaN,NaN,NaN,NaN,NaN,NaN,NaN,NaN,0.40468653,4.416558824,-0.25970771,2
475855,NaN,NaN,NaN,NaN,NaN,NaN,NaN,NaN,NaN,0.468457601,4.59267544,-0.123277778,3
479762,NaN,NaN,NaN,NaN,NaN,NaN,NaN,NaN,NaN,0.558656279,4.556254897,-0.000908824,4
480141,NaN,NaN,NaN,NaN,NaN,NaN,NaN,NaN,NaN,0.593531847,4.510046411,0.094769008,5
481042,NaN,NaN,NaN,NaN,NaN,NaN,NaN,NaN,NaN,0.336395043,4.299837524,-0.385995388,1
481951,NaN,NaN,NaN,NaN,NaN,NaN,NaN,NaN,NaN,0.471905818,4.571526417,-0.10304028,3
485757,NaN,NaN,NaN,NaN,NaN,NaN,NaN,NaN,NaN,0.439273354,4.450159098,-0.189241532,2
486759,NaN,NaN,NaN,NaN,NaN,NaN,NaN,NaN,NaN,0.592281093,4.529728244,0.110785829,5
495255,NaN,NaN,NaN,NaN,NaN,NaN,NaN,NaN,NaN,0.606988339,4.582727056,0.214731388,5
497865,NaN,NaN,NaN,NaN,NaN,NaN,NaN,NaN,NaN,0.639428811,4.444419699,0.195586731,5
499566,NaN,NaN,NaN,NaN,NaN,NaN,NaN,NaN,NaN,0.539899894,4.605629157,0.000209265,4
500222,NaN,NaN,NaN,NaN,NaN,NaN,NaN,NaN,NaN,0.458756359,4.622181928,-0.110309195,2
506234,NaN,NaN,NaN,NaN,NaN,NaN,NaN,NaN,NaN,0.545652391,4.591919715,0.10546986,4
510326,NaN,NaN,NaN,NaN,NaN,NaN,NaN,NaN,NaN,0.506726354,4.671328511,-0.025977745,3
512835,NaN,NaN,NaN,NaN,NaN,NaN,NaN,NaN,NaN,0.560405978,4.512958856,0.041769217,4
513130,NaN,NaN,NaN,NaN,NaN,NaN,NaN,NaN,NaN,0.525997431,4.569682578,-0.030637394,4
513736,NaN,NaN,NaN,NaN,NaN,NaN,NaN,NaN,NaN,0.518798285,4.519665555,-0.028629889,4
516742,NaN,NaN,NaN,NaN,NaN,NaN,NaN,NaN,NaN,0.492302885,4.596555288,-0.139691232,3
517239,NaN,NaN,NaN,NaN,NaN,NaN,NaN,NaN,NaN,0.601169915,4.535994093,0.111821507,5
518746,NaN,NaN,NaN,NaN,NaN,NaN,NaN,NaN,NaN,0.440518769,4.510951383,-0.203389412,2
519647,NaN,NaN,NaN,NaN,NaN,NaN,NaN,NaN,NaN,0.509701097,4.611450749,-0.08774544,3
519950,NaN,NaN,NaN,NaN,NaN,NaN,NaN,NaN,NaN,0.527813766,4.634934972,-0.001112381,4
520228,NaN,NaN,NaN,NaN,NaN,NaN,NaN,NaN,NaN,0.467419626,4.621841568,-0.140841843,3
522434,NaN,NaN,NaN,NaN,NaN,NaN,NaN,NaN,NaN,0.467181614,4.62455386,-0.036286888,3
523032,NaN,NaN,NaN,NaN,NaN,NaN,NaN,NaN,NaN,0.596927812,4.535659393,0.084569177,5
524135,NaN,NaN,NaN,NaN,NaN,NaN,NaN,NaN,NaN,0.469165832,4.543155734,-0.072350004,3
525541,NaN,NaN,NaN,NaN,NaN,NaN,NaN,NaN,NaN,0.481490591,4.648739214,-0.084067902,3
529549,NaN,NaN,NaN,NaN,NaN,NaN,NaN,NaN,NaN,0.579958915,4.48925431,0.109293627,4
529953,NaN,NaN,NaN,NaN,NaN,NaN,NaN,NaN,NaN,0.547147927,4.557681529,0.057602022,4
530635,NaN,NaN,NaN,NaN,NaN,NaN,NaN,NaN,NaN,0.430461428,4.488459325,-0.317473281,2
531536,NaN,NaN,NaN,NaN,NaN,NaN,NaN,NaN,NaN,0.460906833,4.588907838,-0.127442726,3
531940,NaN,NaN,NaN,NaN,NaN,NaN,NaN,NaN,NaN,0.498918318,4.575031663,-0.104940773,3
536647,NaN,NaN,NaN,NaN,NaN,NaN,NaN,NaN,NaN,0.422386099,4.46903,-0.19506014,2
540436,NaN,NaN,NaN,NaN,NaN,NaN,NaN,NaN,NaN,0.511156884,4.650721448,-0.009507234,3
541640,NaN,NaN,NaN,NaN,NaN,NaN,NaN,NaN,NaN,0.462265456,4.5304621,-0.161316262,3
541943,NaN,NaN,NaN,NaN,NaN,NaN,NaN,NaN,NaN,0.389046711,4.558575241,-0.285859084,1
545345,NaN,NaN,NaN,NaN,NaN,NaN,NaN,NaN,NaN,0.504305982,4.520496119,-0.027301285,3
547046,NaN,NaN,NaN,NaN,NaN,NaN,NaN,NaN,NaN,0.494457875,4.5385065,-0.090100554,3
548250,NaN,NaN,NaN,NaN,NaN,NaN,NaN,NaN,NaN,0.456380015,4.64912963,-0.130775398,2
552241,NaN,NaN,NaN,NaN,NaN,NaN,NaN,NaN,NaN,0.490837695,4.591253753,-0.157992259,3
552544,NaN,NaN,NaN,NaN,NaN,NaN,NaN,NaN,NaN,0.379387274,4.300774823,-0.338342323,1
553344,NaN,NaN,NaN,NaN,NaN,NaN,NaN,NaN,NaN,0.495167441,4.623776244,-0.078855413,3
555348,NaN,NaN,NaN,NaN,NaN,NaN,NaN,NaN,NaN,0.483297271,4.529545847,-0.129296166,3
555651,NaN,NaN,NaN,NaN,NaN,NaN,NaN,NaN,NaN,0.513787762,4.594156861,-0.017326145,3
555954,NaN,NaN,NaN,NaN,NaN,NaN,NaN,NaN,NaN,0.465185374,4.565341725,-0.185718467,3
557857,NaN,NaN,NaN,NaN,NaN,NaN,NaN,NaN,NaN,0.47563304,4.607070971,-0.210398243,3
558657,NaN,NaN,NaN,NaN,NaN,NaN,NaN,NaN,NaN,0.484189849,4.627849953,-0.179472089,3
558960,NaN,NaN,NaN,NaN,NaN,NaN,NaN,NaN,NaN,0.425731986,4.469029635,-0.264035463,2
559053,NaN,NaN,NaN,NaN,NaN,NaN,NaN,NaN,NaN,0.529090137,4.598415828,-0.021320267,4
559457,NaN,NaN,NaN,NaN,NaN,NaN,NaN,NaN,NaN,0.622619223,4.514637091,0.17508847,5
561242,NaN,NaN,NaN,NaN,NaN,NaN,NaN,NaN,NaN,0.427468411,4.467263171,-0.2216101,2
561444,NaN,NaN,NaN,NaN,NaN,NaN,NaN,NaN,NaN,0.585977635,4.554757257,0.082004327,5
561949,NaN,NaN,NaN,NaN,NaN,NaN,NaN,NaN,NaN,0.427175358,4.493457231,-0.244218468,2
562345,NaN,NaN,NaN,NaN,NaN,NaN,NaN,NaN,NaN,0.594611084,4.343585473,0.143908873,5
562446,NaN,NaN,NaN,NaN,NaN,NaN,NaN,NaN,NaN,0.391492985,4.536281281,-0.210370333,2
565452,NaN,NaN,NaN,NaN,NaN,NaN,NaN,NaN,NaN,0.393670162,4.354448181,-0.308760918,2
566454,NaN,NaN,NaN,NaN,NaN,NaN,NaN,NaN,NaN,0.480108465,4.666445984,-0.116505302,3
567052,NaN,NaN,NaN,NaN,NaN,NaN,NaN,NaN,NaN,0.462786047,4.545945675,-0.150188959,3
567759,NaN,NaN,NaN,NaN,NaN,NaN,NaN,NaN,NaN,0.441463697,4.545698085,-0.195515724,2
567961,NaN,NaN,NaN,NaN,NaN,NaN,NaN,NaN,NaN,0.370168514,4.3812252,-0.329939424,1
568963,NaN,NaN,NaN,NaN,NaN,NaN,NaN,NaN,NaN,0.544453991,4.651843023,0.024941564,4
570243,NaN,NaN,NaN,NaN,NaN,NaN,NaN,NaN,NaN,0.360493009,4.463140293,-0.305756784,1
571144,NaN,NaN,NaN,NaN,NaN,NaN,NaN,NaN,NaN,0.457910947,4.47456531,-0.17630544,2
572045,NaN,NaN,NaN,NaN,NaN,NaN,NaN,NaN,NaN,0.522821076,4.553418063,-0.037960798,4
573249,NaN,NaN,NaN,NaN,NaN,NaN,NaN,NaN,NaN,0.353492275,4.208315541,-0.368155086,1
573451,NaN,NaN,NaN,NaN,NaN,NaN,NaN,NaN,NaN,0.508540041,4.607289224,-0.04766747,3
576255,NaN,NaN,NaN,NaN,NaN,NaN,NaN,NaN,NaN,0.406282629,4.434442567,-0.189296283,2
578057,NaN,NaN,NaN,NaN,NaN,NaN,NaN,NaN,NaN,0.422572965,4.505022227,-0.222827991,2
579665,NaN,NaN,NaN,NaN,NaN,NaN,NaN,NaN,NaN,0.462849921,4.486662107,-0.202466771,3
579867,NaN,NaN,NaN,NaN,NaN,NaN,NaN,NaN,NaN,0.344332961,4.340541637,-0.365325845,1
580044,NaN,NaN,NaN,NaN,NaN,NaN,NaN,NaN,NaN,0.559059405,4.601548046,0.050864876,4
580347,NaN,NaN,NaN,NaN,NaN,NaN,NaN,NaN,NaN,0.491376694,4.542595246,-0.128094508,3
580650,NaN,NaN,NaN,NaN,NaN,NaN,NaN,NaN,NaN,0.409208013,4.436662307,-0.260116765,2
580751,NaN,NaN,NaN,NaN,NaN,NaN,NaN,NaN,NaN,0.554844977,4.590774616,0.020302739,4
581349,NaN,NaN,NaN,NaN,NaN,NaN,NaN,NaN,NaN,0.614744182,4.340500188,0.117703492,5
581450,NaN,NaN,NaN,NaN,NaN,NaN,NaN,NaN,NaN,0.594865516,4.553712761,0.143355816,5
583858,NaN,NaN,NaN,NaN,NaN,NaN,NaN,NaN,NaN,0.403557835,4.529992787,-0.236757921,2
585256,NaN,NaN,NaN,NaN,NaN,NaN,NaN,NaN,NaN,0.411552138,4.542774931,-0.254121796,2
585862,NaN,NaN,NaN,NaN,NaN,NaN,NaN,NaN,NaN,0.404781404,4.542993844,-0.255733799,2
586460,NaN,NaN,NaN,NaN,NaN,NaN,NaN,NaN,NaN,0.363025976,4.367900543,-0.381981136,1
587664,NaN,NaN,NaN,NaN,NaN,NaN,NaN,NaN,NaN,0.446490681,4.530642713,-0.16217366,2
588565,NaN,NaN,NaN,NaN,NaN,NaN,NaN,NaN,NaN,0.444607337,4.547164802,-0.136064935,2
589567,NaN,NaN,NaN,NaN,NaN,NaN,NaN,NaN,NaN,0.524665131,4.61654531,-0.037142351,4
590047,NaN,NaN,NaN,NaN,NaN,NaN,NaN,NaN,NaN,0.419626077,4.416437755,-0.304901428,2
592455,NaN,NaN,NaN,NaN,NaN,NaN,NaN,NaN,NaN,0.402002333,4.450295544,-0.188030619,2
594156,NaN,NaN,NaN,NaN,NaN,NaN,NaN,NaN,NaN,0.533981656,4.59382986,-0.068107829,4
597869,NaN,NaN,NaN,NaN,NaN,NaN,NaN,NaN,NaN,0.507535422,4.542612771,-0.110310745,3
598568,NaN,NaN,NaN,NaN,NaN,NaN,NaN,NaN,NaN,0.642389492,4.3992533,0.225381695,5
599065,NaN,NaN,NaN,NaN,NaN,NaN,NaN,NaN,NaN,0.447021029,4.471111417,-0.213034097,2
599469,NaN,NaN,NaN,NaN,NaN,NaN,NaN,NaN,NaN,0.416178716,4.480419358,-0.271367798,2
599671,NaN,NaN,NaN,NaN,NaN,NaN,NaN,NaN,NaN,0.508572065,4.611703846,-0.05415087,3
601127,NaN,NaN,NaN,NaN,NaN,NaN,NaN,NaN,NaN,0.437519555,4.524483166,-0.154689139,2
604537,NaN,NaN,NaN,NaN,NaN,NaN,NaN,NaN,NaN,0.501894145,4.578265754,-0.087527847,3
609143,NaN,NaN,NaN,NaN,NaN,NaN,NaN,NaN,NaN,0.475453122,4.512976625,-0.123337977,3
611938,NaN,NaN,NaN,NaN,NaN,NaN,NaN,NaN,NaN,0.537173414,4.627902505,-0.011724206,4
613538,NaN,NaN,NaN,NaN,NaN,NaN,NaN,NaN,NaN,0.609205645,4.495764499,0.151321814,5
615441,NaN,NaN,NaN,NaN,NaN,NaN,NaN,NaN,NaN,0.573493512,4.486454973,-0.02451259,4
615744,NaN,NaN,NaN,NaN,NaN,NaN,NaN,NaN,NaN,0.413150685,4.423872569,-0.253227205,2
616645,NaN,NaN,NaN,NaN,NaN,NaN,NaN,NaN,NaN,0.34136438,4.308623488,-0.406023242,1
617748,NaN,NaN,NaN,NaN,NaN,NaN,NaN,NaN,NaN,0.461506921,4.529279067,-0.195952391,3
618952,NaN,NaN,NaN,NaN,NaN,NaN,NaN,NaN,NaN,0.550330777,4.603265389,0.023120144,4
620434,NaN,NaN,NaN,NaN,NaN,NaN,NaN,NaN,NaN,0.445756758,4.547683229,-0.174051629,2
622236,NaN,NaN,NaN,NaN,NaN,NaN,NaN,NaN,NaN,0.446953431,4.477244439,-0.23955055,2
623844,NaN,NaN,NaN,NaN,NaN,NaN,NaN,NaN,NaN,0.424371258,4.620471493,-0.184288968,2
626648,NaN,NaN,NaN,NaN,NaN,NaN,NaN,NaN,NaN,0.414446004,4.442250656,-0.248215481,2
627549,NaN,NaN,NaN,NaN,NaN,NaN,NaN,NaN,NaN,0.334761514,4.421962783,-0.343071722,1
627852,NaN,NaN,NaN,NaN,NaN,NaN,NaN,NaN,NaN,0.442950351,4.561985798,-0.233138117,2
628248,NaN,NaN,NaN,NaN,NaN,NaN,NaN,NaN,NaN,0.511142935,4.576206417,-0.073043887,3
633847,NaN,NaN,NaN,NaN,NaN,NaN,NaN,NaN,NaN,0.482517416,4.626822344,-0.084587291,3
634748,NaN,NaN,NaN,NaN,NaN,NaN,NaN,NaN,NaN,0.576936116,4.456977424,0.072689668,4
635245,NaN,NaN,NaN,NaN,NaN,NaN,NaN,NaN,NaN,0.585983867,4.524113754,0.079144088,5
638049,NaN,NaN,NaN,NaN,NaN,NaN,NaN,NaN,NaN,0.591236675,4.533208391,0.095733254,5
645450,NaN,NaN,NaN,NaN,NaN,NaN,NaN,NaN,NaN,0.520509708,4.570676815,0.013974432,4
645551,NaN,NaN,NaN,NaN,NaN,NaN,NaN,NaN,NaN,0.486611591,4.57514776,-0.081596537,3
647858,NaN,NaN,NaN,NaN,NaN,NaN,NaN,NaN,NaN,0.573891866,4.682648819,0.142130795,4
654350,NaN,NaN,NaN,NaN,NaN,NaN,NaN,NaN,NaN,0.499274622,4.531218625,-0.049952285,3
654552,NaN,NaN,NaN,NaN,NaN,NaN,NaN,NaN,NaN,0.382492862,4.431467081,-0.292063478,1
654754,NaN,NaN,NaN,NaN,NaN,NaN,NaN,NaN,NaN,0.4180014,4.549218162,-0.291397048,2
656253,NaN,NaN,NaN,NaN,NaN,NaN,NaN,NaN,NaN,0.372869061,4.364795252,-0.346832538,1
656657,NaN,NaN,NaN,NaN,NaN,NaN,NaN,NaN,NaN,0.619651051,4.5816929,0.172993828,5
657659,NaN,NaN,NaN,NaN,NaN,NaN,NaN,NaN,NaN,0.397369515,4.484820097,-0.310862659,2
660951,NaN,NaN,NaN,NaN,NaN,NaN,NaN,NaN,NaN,0.49246162,4.526944475,-0.095789355,3
662551,NaN,NaN,NaN,NaN,NaN,NaN,NaN,NaN,NaN,0.553103037,4.607142981,0.020867929,4
663755,NaN,NaN,NaN,NaN,NaN,NaN,NaN,NaN,NaN,0.422810118,4.455843683,-0.235443335,2
664757,NaN,NaN,NaN,NaN,NaN,NaN,NaN,NaN,NaN,0.598686715,4.635187675,0.116313649,5
665254,NaN,NaN,NaN,NaN,NaN,NaN,NaN,NaN,NaN,0.520311542,4.583147817,-0.078415432,4
667056,NaN,NaN,NaN,NaN,NaN,NaN,NaN,NaN,NaN,0.603946904,4.533823236,0.109951207,5
668361,NaN,NaN,NaN,NaN,NaN,NaN,NaN,NaN,NaN,0.561618097,4.532812919,0.081988094,4
671855,NaN,NaN,NaN,NaN,NaN,NaN,NaN,NaN,NaN,0.535489525,4.501575412,-0.076087982,4
672756,NaN,NaN,NaN,NaN,NaN,NaN,NaN,NaN,NaN,0.51060719,4.631138752,-0.028139204,3
673455,NaN,NaN,NaN,NaN,NaN,NaN,NaN,NaN,NaN,0.437891967,4.533541527,-0.286009291,2
675661,NaN,NaN,NaN,NaN,NaN,NaN,NaN,NaN,NaN,0.425205902,4.472528115,-0.207266315,2
677766,NaN,NaN,NaN,NaN,NaN,NaN,NaN,NaN,NaN,0.486023297,4.478832097,-0.166654644,3
679568,NaN,NaN,NaN,NaN,NaN,NaN,NaN,NaN,NaN,0.336023423,4.270056684,-0.353294347,1
679770,NaN,NaN,NaN,NaN,NaN,NaN,NaN,NaN,NaN,0.434583057,4.546710023,-0.217935141,2
680250,NaN,NaN,NaN,NaN,NaN,NaN,NaN,NaN,NaN,0.589627879,4.551757192,0.08786622,5
680452,NaN,NaN,NaN,NaN,NaN,NaN,NaN,NaN,NaN,0.483074875,4.457258381,-0.154135032,3
680957,NaN,NaN,NaN,NaN,NaN,NaN,NaN,NaN,NaN,0.550058574,4.467445579,-0.023503096,4
683256,NaN,NaN,NaN,NaN,NaN,NaN,NaN,NaN,NaN,0.36710969,4.403929275,-0.32876515,1
685058,NaN,NaN,NaN,NaN,NaN,NaN,NaN,NaN,NaN,0.607130351,4.5733801,0.178536919,5
686969,NaN,NaN,NaN,NaN,NaN,NaN,NaN,NaN,NaN,0.512841944,4.550071396,-0.107806696,3
687163,NaN,NaN,NaN,NaN,NaN,NaN,NaN,NaN,NaN,0.495513178,4.661202132,-0.124826042,3
690152,NaN,NaN,NaN,NaN,NaN,NaN,NaN,NaN,NaN,0.564614454,4.57955783,0.088457196,4
692964,NaN,NaN,NaN,NaN,NaN,NaN,NaN,NaN,NaN,0.636354063,4.416396948,0.20219324,5
693764,NaN,NaN,NaN,NaN,NaN,NaN,NaN,NaN,NaN,0.585577946,4.53261643,0.120264532,5
694362,NaN,NaN,NaN,NaN,NaN,NaN,NaN,NaN,NaN,0.558529731,4.611878281,0.065929403,4
695768,NaN,NaN,NaN,NaN,NaN,NaN,NaN,NaN,NaN,0.526010706,4.658578154,-0.021561692,4
698168,NaN,NaN,NaN,NaN,NaN,NaN,NaN,NaN,NaN,0.707348639,4.32341305,0.401947446,5
700634,NaN,NaN,NaN,NaN,NaN,NaN,NaN,NaN,NaN,0.598034955,4.594704154,0.189950665,5
702133,NaN,NaN,NaN,NaN,NaN,NaN,NaN,NaN,NaN,0.455015549,4.591906271,-0.186004212,2
704238,NaN,NaN,NaN,NaN,NaN,NaN,NaN,NaN,NaN,0.424328278,4.587094578,-0.088046466,2
705341,NaN,NaN,NaN,NaN,NaN,NaN,NaN,NaN,NaN,0.545658564,4.590638957,0.081360704,4
707749,NaN,NaN,NaN,NaN,NaN,NaN,NaN,NaN,NaN,0.580115489,4.57984863,0.023300885,5
709551,NaN,NaN,NaN,NaN,NaN,NaN,NaN,NaN,NaN,0.440950721,4.551227353,-0.159342833,2
713239,NaN,NaN,NaN,NaN,NaN,NaN,NaN,NaN,NaN,0.468619366,4.590415299,-0.139768682,3
715041,NaN,NaN,NaN,NaN,NaN,NaN,NaN,NaN,NaN,0.38448628,4.401624325,-0.257072167,1
715647,NaN,NaN,NaN,NaN,NaN,NaN,NaN,NaN,NaN,0.530621062,4.599542332,-0.012956246,4
715950,NaN,NaN,NaN,NaN,NaN,NaN,NaN,NaN,NaN,0.316732006,4.329423514,-0.344862007,1
720337,NaN,NaN,NaN,NaN,NaN,NaN,NaN,NaN,NaN,0.500492805,4.59016143,-0.06663506,3
723141,NaN,NaN,NaN,NaN,NaN,NaN,NaN,NaN,NaN,0.410769798,4.439874027,-0.223103988,2
724446,NaN,NaN,NaN,NaN,NaN,NaN,NaN,NaN,NaN,0.475675414,4.565009098,-0.124973596,3
725751,NaN,NaN,NaN,NaN,NaN,NaN,NaN,NaN,NaN,0.51969031,4.532697471,0.018699991,4
727553,NaN,NaN,NaN,NaN,NaN,NaN,NaN,NaN,NaN,0.386990308,4.445290094,-0.305384229,1
727654,NaN,NaN,NaN,NaN,NaN,NaN,NaN,NaN,NaN,0.478731251,4.620621014,-0.09544296,3
728454,NaN,NaN,NaN,NaN,NaN,NaN,NaN,NaN,NaN,0.34101813,4.371713062,-0.376960732,1
729254,NaN,NaN,NaN,NaN,NaN,NaN,NaN,NaN,NaN,0.606661025,4.49943632,0.176646001,5
729557,NaN,NaN,NaN,NaN,NaN,NaN,NaN,NaN,NaN,0.481051427,4.567003294,-0.071238071,3
731140,NaN,NaN,NaN,NaN,NaN,NaN,NaN,NaN,NaN,0.389110853,4.425818547,-0.306139669,1
732243,NaN,NaN,NaN,NaN,NaN,NaN,NaN,NaN,NaN,0.413305335,4.546937394,-0.225833721,2
734045,NaN,NaN,NaN,NaN,NaN,NaN,NaN,NaN,NaN,0.437999458,4.514630999,-0.263041243,2
735148,NaN,NaN,NaN,NaN,NaN,NaN,NaN,NaN,NaN,0.566404323,4.664376398,0.012053233,4
737960,NaN,NaN,NaN,NaN,NaN,NaN,NaN,NaN,NaN,0.57713967,4.524429458,0.016816212,4
742549,NaN,NaN,NaN,NaN,NaN,NaN,NaN,NaN,NaN,0.555653419,4.530584131,-0.007563884,4
744553,NaN,NaN,NaN,NaN,NaN,NaN,NaN,NaN,NaN,0.499303895,4.60882216,-0.126895626,3
748258,NaN,NaN,NaN,NaN,NaN,NaN,NaN,NaN,NaN,0.390685489,4.487927774,-0.244474165,2
748662,NaN,NaN,NaN,NaN,NaN,NaN,NaN,NaN,NaN,0.370912867,4.393254147,-0.364542853,1
749058,NaN,NaN,NaN,NaN,NaN,NaN,NaN,NaN,NaN,0.437128319,4.531853128,-0.191127137,2
749361,NaN,NaN,NaN,NaN,NaN,NaN,NaN,NaN,NaN,0.434461832,4.499482184,-0.27305033,2
751348,NaN,NaN,NaN,NaN,NaN,NaN,NaN,NaN,NaN,0.678349018,4.306368433,0.330720087,5
753150,NaN,NaN,NaN,NaN,NaN,NaN,NaN,NaN,NaN,0.448778066,4.546668095,-0.208746824,2
753251,NaN,NaN,NaN,NaN,NaN,NaN,NaN,NaN,NaN,0.497055144,4.581555572,-0.176244893,3
756055,NaN,NaN,NaN,NaN,NaN,NaN,NaN,NaN,NaN,0.498842968,4.491613198,-0.11961716,3
757764,NaN,NaN,NaN,NaN,NaN,NaN,NaN,NaN,NaN,0.508648822,4.510700341,-0.037542991,3
759869,NaN,NaN,NaN,NaN,NaN,NaN,NaN,NaN,NaN,0.607189353,4.590650364,0.098207087,5
760551,NaN,NaN,NaN,NaN,NaN,NaN,NaN,NaN,NaN,0.578541166,4.596059098,0.113584136,4
761957,NaN,NaN,NaN,NaN,NaN,NaN,NaN,NaN,NaN,0.463032208,4.57480181,-0.19025621,3
763557,NaN,NaN,NaN,NaN,NaN,NaN,NaN,NaN,NaN,0.556569375,4.646094028,-0.007521142,4
765056,NaN,NaN,NaN,NaN,NaN,NaN,NaN,NaN,NaN,0.583571338,4.637343868,0.092499116,5
765864,NaN,NaN,NaN,NaN,NaN,NaN,NaN,NaN,NaN,0.43237656,4.53229458,-0.227316066,2
767464,NaN,NaN,NaN,NaN,NaN,NaN,NaN,NaN,NaN,0.402176783,4.403781041,-0.25425058,2
769064,NaN,NaN,NaN,NaN,NaN,NaN,NaN,NaN,NaN,0.545920974,4.609402414,0.016083188,4
770352,NaN,NaN,NaN,NaN,NaN,NaN,NaN,NaN,NaN,0.394929178,4.48180571,-0.23879076,2
771354,NaN,NaN,NaN,NaN,NaN,NaN,NaN,NaN,NaN,0.473198095,4.608665007,-0.089219688,3
773257,NaN,NaN,NaN,NaN,NaN,NaN,NaN,NaN,NaN,0.597853522,4.562424627,0.136922469,5
774663,NaN,NaN,NaN,NaN,NaN,NaN,NaN,NaN,NaN,0.515245496,4.617945137,0.02629898,4
779370,NaN,NaN,NaN,NaN,NaN,NaN,NaN,NaN,NaN,0.524411804,4.63239954,-0.013982339,4
782561,NaN,NaN,NaN,NaN,NaN,NaN,NaN,NaN,NaN,0.418925723,4.451219725,-0.21847562,2
783462,NaN,NaN,NaN,NaN,NaN,NaN,NaN,NaN,NaN,0.440576278,4.53863,-0.172834551,2
784565,NaN,NaN,NaN,NaN,NaN,NaN,NaN,NaN,NaN,0.65112945,4.385594741,0.25129117,5
788674,NaN,NaN,NaN,NaN,NaN,NaN,NaN,NaN,NaN,0.398557407,4.444565433,-0.211167349,2
788876,NaN,NaN,NaN,NaN,NaN,NaN,NaN,NaN,NaN,0.389028644,4.391061831,-0.295680979,1
789373,NaN,NaN,NaN,NaN,NaN,NaN,NaN,NaN,NaN,0.533323382,4.577077108,0.019134331,4
792564,NaN,NaN,NaN,NaN,NaN,NaN,NaN,NaN,NaN,0.52090393,4.650076346,0.022640676,4
792766,NaN,NaN,NaN,NaN,NaN,NaN,NaN,NaN,NaN,0.55725512,4.584346865,0.076085986,4
792867,NaN,NaN,NaN,NaN,NaN,NaN,NaN,NaN,NaN,0.518268371,4.538301683,-0.055185344,4
793465,NaN,NaN,NaN,NaN,NaN,NaN,NaN,NaN,NaN,0.416897416,4.458852177,-0.317705772,2
800941,NaN,NaN,NaN,NaN,NaN,NaN,NaN,NaN,NaN,0.459303133,4.548001023,-0.204518698,2
802844,NaN,NaN,NaN,NaN,NaN,NaN,NaN,NaN,NaN,0.58220165,4.508377847,0.046627598,5
803240,NaN,NaN,NaN,NaN,NaN,NaN,NaN,NaN,NaN,0.531974431,4.577262985,-0.011932033,4
804646,NaN,NaN,NaN,NaN,NaN,NaN,NaN,NaN,NaN,0.571909359,4.56474841,-0.045393502,4
809252,NaN,NaN,NaN,NaN,NaN,NaN,NaN,NaN,NaN,0.523403687,4.554035687,-0.048846895,4
810843,NaN,NaN,NaN,NaN,NaN,NaN,NaN,NaN,NaN,0.504540975,4.583728657,-0.067458263,3
812746,NaN,NaN,NaN,NaN,NaN,NaN,NaN,NaN,NaN,0.563730652,4.646714478,0.042920867,4
814548,NaN,NaN,NaN,NaN,NaN,NaN,NaN,NaN,NaN,0.484068985,4.473478263,-0.128559543,3
814649,NaN,NaN,NaN,NaN,NaN,NaN,NaN,NaN,NaN,0.493212234,4.625608549,-0.059000925,3
815247,NaN,NaN,NaN,NaN,NaN,NaN,NaN,NaN,NaN,0.6508359,4.478791847,0.254498008,5
816653,NaN,NaN,NaN,NaN,NaN,NaN,NaN,NaN,NaN,0.41478674,4.495226797,-0.222837465,2
818455,NaN,NaN,NaN,NaN,NaN,NaN,NaN,NaN,NaN,0.385958619,4.426546068,-0.260432549,1
818859,NaN,NaN,NaN,NaN,NaN,NaN,NaN,NaN,NaN,0.540021446,4.518237347,-0.012741516,4
820745,NaN,NaN,NaN,NaN,NaN,NaN,NaN,NaN,NaN,0.669863113,4.371285763,0.322283444,5
825048,NaN,NaN,NaN,NaN,NaN,NaN,NaN,NaN,NaN,0.441768421,4.682881402,-0.082014489,2
825553,NaN,NaN,NaN,NaN,NaN,NaN,NaN,NaN,NaN,0.574442755,4.539218328,0.129052035,4
825654,NaN,NaN,NaN,NaN,NaN,NaN,NaN,NaN,NaN,0.404110511,4.490941942,-0.234512365,2
826353,NaN,NaN,NaN,NaN,NaN,NaN,NaN,NaN,NaN,0.391394252,4.49939181,-0.251248542,2
826454,NaN,NaN,NaN,NaN,NaN,NaN,NaN,NaN,NaN,0.404593967,4.494770044,-0.226784763,2
827052,NaN,NaN,NaN,NaN,NaN,NaN,NaN,NaN,NaN,0.475402892,4.724386082,-0.130632996,3
828862,NaN,NaN,NaN,NaN,NaN,NaN,NaN,NaN,NaN,0.457677294,4.675660453,-0.255599162,2
832651,NaN,NaN,NaN,NaN,NaN,NaN,NaN,NaN,NaN,0.594519853,4.557638478,0.130500591,5
833148,NaN,NaN,NaN,NaN,NaN,NaN,NaN,NaN,NaN,0.544089521,4.394873816,0.022904294,4
833249,NaN,NaN,NaN,NaN,NaN,NaN,NaN,NaN,NaN,0.54962499,4.560391262,-0.04401776,4
835657,NaN,NaN,NaN,NaN,NaN,NaN,NaN,NaN,NaN,0.589817233,4.509331971,0.102147149,5
837560,NaN,NaN,NaN,NaN,NaN,NaN,NaN,NaN,NaN,0.609296207,4.420626655,0.134255058,5
837964,NaN,NaN,NaN,NaN,NaN,NaN,NaN,NaN,NaN,0.306693128,4.252206862,-0.556043773,1
841349,NaN,NaN,NaN,NaN,NaN,NaN,NaN,NaN,NaN,0.539786842,4.554817797,-0.012229669,4
843151,NaN,NaN,NaN,NaN,NaN,NaN,NaN,NaN,NaN,0.598442172,4.629327442,0.126916486,5
844961,NaN,NaN,NaN,NaN,NaN,NaN,NaN,NaN,NaN,0.387721358,4.477397483,-0.230067304,1
845458,NaN,NaN,NaN,NaN,NaN,NaN,NaN,NaN,NaN,0.460433127,4.594940599,-0.196357494,3
849264,NaN,NaN,NaN,NaN,NaN,NaN,NaN,NaN,NaN,0.560130186,4.551056704,0.014891867,4
849971,NaN,NaN,NaN,NaN,NaN,NaN,NaN,NaN,NaN,0.44058292,4.586390375,-0.146976607,2
852455,NaN,NaN,NaN,NaN,NaN,NaN,NaN,NaN,NaN,0.39464453,4.427377557,-0.241905509,2
856766,NaN,NaN,NaN,NaN,NaN,NaN,NaN,NaN,NaN,0.406629935,4.406378272,-0.313870418,2
856968,NaN,NaN,NaN,NaN,NaN,NaN,NaN,NaN,NaN,0.581600652,4.508584244,0.062536905,5
857263,NaN,NaN,NaN,NaN,NaN,NaN,NaN,NaN,NaN,0.489046492,4.599417601,-0.094401616,3
859671,NaN,NaN,NaN,NaN,NaN,NaN,NaN,NaN,NaN,0.413734609,4.457613727,-0.271825569,2
861456,NaN,NaN,NaN,NaN,NaN,NaN,NaN,NaN,NaN,0.638712791,4.397577305,0.246596342,5
865363,NaN,NaN,NaN,NaN,NaN,NaN,NaN,NaN,NaN,0.512181273,4.610499514,-0.095104627,3
867468,NaN,NaN,NaN,NaN,NaN,NaN,NaN,NaN,NaN,0.5392646,4.611996395,-0.07002332,4
869472,NaN,NaN,NaN,NaN,NaN,NaN,NaN,NaN,NaN,0.509266167,4.548665842,-0.26281558,3
870861,NaN,NaN,NaN,NaN,NaN,NaN,NaN,NaN,NaN,0.406943155,4.53413832,-0.213551579,2
871762,NaN,NaN,NaN,NaN,NaN,NaN,NaN,NaN,NaN,0.495128405,4.48076937,-0.035815827,3
871964,NaN,NaN,NaN,NaN,NaN,NaN,NaN,NaN,NaN,0.448066771,4.482788841,-0.232784735,2
872158,NaN,NaN,NaN,NaN,NaN,NaN,NaN,NaN,NaN,0.473742126,4.587526141,-0.206769993,3
872562,NaN,NaN,NaN,NaN,NaN,NaN,NaN,NaN,NaN,0.416113415,4.384495922,-0.258106952,2
872764,NaN,NaN,NaN,NaN,NaN,NaN,NaN,NaN,NaN,0.387710793,4.378363135,-0.39200168,1
873968,NaN,NaN,NaN,NaN,NaN,NaN,NaN,NaN,NaN,0.478780059,4.588648952,-0.139800563,3
877168,NaN,NaN,NaN,NaN,NaN,NaN,NaN,NaN,NaN,0.53920788,4.424932153,0.011659591,4
877269,NaN,NaN,NaN,NaN,NaN,NaN,NaN,NaN,NaN,0.603265501,4.498441276,0.165448954,5
878776,NaN,NaN,NaN,NaN,NaN,NaN,NaN,NaN,NaN,0.576041798,4.560633855,0.045967513,4
878877,NaN,NaN,NaN,NaN,NaN,NaN,NaN,NaN,NaN,0.34878049,4.284381154,-0.426033499,1
880157,NaN,NaN,NaN,NaN,NaN,NaN,NaN,NaN,NaN,0.389714003,4.446694717,-0.369086898,1
882161,NaN,NaN,NaN,NaN,NaN,NaN,NaN,NaN,NaN,0.378330014,4.449888982,-0.311607348,1
884064,NaN,NaN,NaN,NaN,NaN,NaN,NaN,NaN,NaN,0.36366372,4.339565565,-0.343121651,1
885975,NaN,NaN,NaN,NaN,NaN,NaN,NaN,NaN,NaN,0.577162096,4.538565627,0.103342562,4
886674,NaN,NaN,NaN,NaN,NaN,NaN,NaN,NaN,NaN,0.31000853,4.207161079,-0.508576595,1
887373,NaN,NaN,NaN,NaN,NaN,NaN,NaN,NaN,NaN,0.450283942,4.538462502,-0.228888445,2
888678,NaN,NaN,NaN,NaN,NaN,NaN,NaN,NaN,NaN,0.612222622,4.499775203,0.129556171,5
889579,NaN,NaN,NaN,NaN,NaN,NaN,NaN,NaN,NaN,0.449629567,4.467012448,-0.199896413,2
891667,NaN,NaN,NaN,NaN,NaN,NaN,NaN,NaN,NaN,0.399860048,4.456804255,-0.247604198,2
894067,NaN,NaN,NaN,NaN,NaN,NaN,NaN,NaN,NaN,0.541231154,4.483424942,0.05398955,4
894673,NaN,NaN,NaN,NaN,NaN,NaN,NaN,NaN,NaN,0.478537579,4.636621413,-0.058952033,3
894774,NaN,NaN,NaN,NaN,NaN,NaN,NaN,NaN,NaN,0.455963524,4.58138438,-0.116368622,2
896778,NaN,NaN,NaN,NaN,NaN,NaN,NaN,NaN,NaN,0.466853632,4.55000354,-0.251345306,3
896879,NaN,NaN,NaN,NaN,NaN,NaN,NaN,NaN,NaN,0.493371263,4.653518301,-0.038317896,3
898176,NaN,NaN,NaN,NaN,NaN,NaN,NaN,NaN,NaN,0.636869373,4.340568108,0.220510089,5
899885,NaN,NaN,NaN,NaN,NaN,NaN,NaN,NaN,NaN,0.41640879,4.624853432,-0.172948598,2
901038,NaN,NaN,NaN,NaN,NaN,NaN,NaN,NaN,NaN,0.516263959,4.613000786,-0.137806212,4
901139,NaN,NaN,NaN,NaN,NaN,NaN,NaN,NaN,NaN,0.607972444,4.495090772,0.166123018,5
901442,NaN,NaN,NaN,NaN,NaN,NaN,NaN,NaN,NaN,0.452581308,4.547866454,-0.179252427,2
902242,NaN,NaN,NaN,NaN,NaN,NaN,NaN,NaN,NaN,0.422659022,4.471124287,-0.214350311,2
904044,NaN,NaN,NaN,NaN,NaN,NaN,NaN,NaN,NaN,0.421909675,4.483590187,-0.217982643,2
905147,NaN,NaN,NaN,NaN,NaN,NaN,NaN,NaN,NaN,0.52582131,4.572289446,-0.038699407,4
907656,NaN,NaN,NaN,NaN,NaN,NaN,NaN,NaN,NaN,0.482194861,4.598634977,-0.053107867,3
908860,NaN,NaN,NaN,NaN,NaN,NaN,NaN,NaN,NaN,0.536089298,4.554298696,-0.014598367,4
910241,NaN,NaN,NaN,NaN,NaN,NaN,NaN,NaN,NaN,0.608632265,4.528282515,0.187821913,5
910443,NaN,NaN,NaN,NaN,NaN,NaN,NaN,NaN,NaN,0.483794829,4.594120375,-0.118719577,3
911849,NaN,NaN,NaN,NaN,NaN,NaN,NaN,NaN,NaN,0.487521365,4.627805844,-0.073420078,3
912447,NaN,NaN,NaN,NaN,NaN,NaN,NaN,NaN,NaN,0.508087754,4.563302821,-0.015389281,3
917255,NaN,NaN,NaN,NaN,NaN,NaN,NaN,NaN,NaN,0.390288919,4.43808813,-0.334841827,2
917558,NaN,NaN,NaN,NaN,NaN,NaN,NaN,NaN,NaN,0.433206896,4.571479069,-0.219218144,2
919966,NaN,NaN,NaN,NaN,NaN,NaN,NaN,NaN,NaN,0.432945029,4.470723809,-0.247298084,2
922854,NaN,NaN,NaN,NaN,NaN,NaN,NaN,NaN,NaN,0.528250664,4.574643717,0.017174537,4
923755,NaN,NaN,NaN,NaN,NaN,NaN,NaN,NaN,NaN,0.600762681,4.387122709,0.08943733,5
926862,NaN,NaN,NaN,NaN,NaN,NaN,NaN,NaN,NaN,0.523611445,4.620003228,-0.015670965,4
927359,NaN,NaN,NaN,NaN,NaN,NaN,NaN,NaN,NaN,0.499328425,4.633926806,-0.055164628,3
930449,NaN,NaN,NaN,NaN,NaN,NaN,NaN,NaN,NaN,0.596313928,4.447489074,0.15658449,5
932554,NaN,NaN,NaN,NaN,NaN,NaN,NaN,NaN,NaN,0.527264679,4.577261759,0.013376175,4
933253,NaN,NaN,NaN,NaN,NaN,NaN,NaN,NaN,NaN,0.431201592,4.484568408,-0.19696093,2
937160,NaN,NaN,NaN,NaN,NaN,NaN,NaN,NaN,NaN,0.522789851,4.61197094,-0.042669551,4
942658,NaN,NaN,NaN,NaN,NaN,NaN,NaN,NaN,NaN,0.61263012,4.432867527,0.147033383,5
943862,NaN,NaN,NaN,NaN,NaN,NaN,NaN,NaN,NaN,0.577328689,4.536156617,0.087315049,4
947668,NaN,NaN,NaN,NaN,NaN,NaN,NaN,NaN,NaN,0.603776229,4.490108679,0.121520636,5
951457,NaN,NaN,NaN,NaN,NaN,NaN,NaN,NaN,NaN,0.652370139,4.439572742,0.247134001,5
952863,NaN,NaN,NaN,NaN,NaN,NaN,NaN,NaN,NaN,0.568898464,4.616020355,0.076874993,4
955465,NaN,NaN,NaN,NaN,NaN,NaN,NaN,NaN,NaN,0.474202391,4.588645807,-0.136241272,3
957974,NaN,NaN,NaN,NaN,NaN,NaN,NaN,NaN,NaN,0.361912013,4.405881912,-0.324501167,1
958976,NaN,NaN,NaN,NaN,NaN,NaN,NaN,NaN,NaN,0.559118354,4.647126698,0.024196213,4
959574,NaN,NaN,NaN,NaN,NaN,NaN,NaN,NaN,NaN,0.410917189,4.534294196,-0.226790656,2
962058,NaN,NaN,NaN,NaN,NaN,NaN,NaN,NaN,NaN,0.551099586,4.635972711,-0.004257092,4
965367,NaN,NaN,NaN,NaN,NaN,NaN,NaN,NaN,NaN,0.52606981,4.566062301,-0.002192036,4
965771,NaN,NaN,NaN,NaN,NaN,NaN,NaN,NaN,NaN,0.581087693,4.503317062,0.019095437,5
966975,NaN,NaN,NaN,NaN,NaN,NaN,NaN,NaN,NaN,0.632314509,4.571835268,0.173717029,5
969476,NaN,NaN,NaN,NaN,NaN,NaN,NaN,NaN,NaN,0.527972409,4.537527004,0.036658668,4
970764,NaN,NaN,NaN,NaN,NaN,NaN,NaN,NaN,NaN,0.580778098,4.60253555,0.074632907,5
971160,NaN,NaN,NaN,NaN,NaN,NaN,NaN,NaN,NaN,0.539008293,4.549535352,-0.078321701,4
978578,NaN,NaN,NaN,NaN,NaN,NaN,NaN,NaN,NaN,0.633270539,4.403155185,0.180666099,5
979984,NaN,NaN,NaN,NaN,NaN,NaN,NaN,NaN,NaN,0.454407498,4.509694335,-0.148658362,2
983773,NaN,NaN,NaN,NaN,NaN,NaN,NaN,NaN,NaN,0.549471263,4.532986192,-0.040500041,4
984472,NaN,NaN,NaN,NaN,NaN,NaN,NaN,NaN,NaN,0.58204261,4.620057184,0.108136201,5
987074,NaN,NaN,NaN,NaN,NaN,NaN,NaN,NaN,NaN,0.487151299,4.564046517,-0.114114319,3
987983,NaN,NaN,NaN,NaN,NaN,NaN,NaN,NaN,NaN,0.562295603,4.664191741,0.068821297,4
989987,NaN,NaN,NaN,NaN,NaN,NaN,NaN,NaN,NaN,0.513881562,4.650287133,-0.02445082,3
990366,NaN,NaN,NaN,NaN,NaN,NaN,NaN,NaN,NaN,0.589482284,4.509485314,0.076636752,5
991267,NaN,NaN,NaN,NaN,NaN,NaN,NaN,NaN,NaN,0.512991991,4.544292962,-0.090086365,3
992673,NaN,NaN,NaN,NaN,NaN,NaN,NaN,NaN,NaN,0.593717986,4.536745333,0.125832109,5
992774,NaN,NaN,NaN,NaN,NaN,NaN,NaN,NaN,NaN,0.469876031,4.516204886,-0.102426493,3
993675,NaN,NaN,NaN,NaN,NaN,NaN,NaN,NaN,NaN,0.492526879,4.461849992,-0.141864583,3
994273,NaN,NaN,NaN,NaN,NaN,NaN,NaN,NaN,NaN,0.565203931,4.665759894,0.085777771,4
996782,NaN,NaN,NaN,NaN,NaN,NaN,NaN,NaN,NaN,0.448500066,4.566824729,-0.204177743,2
